Customer_ID,Customer_Name,Gender,Age,City,State,Signup_Date
1,Customer_0001,Female,33,Ahmedabad,Gujarat,2025-01-29
2,Customer_0002,Male,52,New Delhi,Delhi,2025-01-24
3,Customer_0003,Male,19,Vadodara,Gujarat,2024-03-08
4,Customer_0004,Male,53,Ahmedabad,Gujarat,2023-08-27
5,Customer_0005,Female,55,New Delhi,Delhi,2023-08-14
6,Customer_0006,Male,45,Chennai,Tamil Nadu,2025-02-16
7,Customer_0007,Male,39,Warangal,Telangana,2023-06-09
8,Customer_0008,Male,40,Ahmedabad,Gujarat,2024-01-25
9,Customer_0009,Male,47,Warangal,Telangana,2025-04-06
10,Customer_0010,Male,53,Lucknow,Uttar Pradesh,2024-01-23
11,Customer_0011,Female,54,Madurai,Tamil Nadu,2024-09-25
12,Customer_0012,Male,36,New Delhi,Delhi,2023-02-16
13,Customer_0013,Male,42,Ahmedabad,Gujarat,2025-06-06
14,Customer_0014,Female,28,Coimbatore,Tamil Nadu,2024-10-12
15,Customer_0015,Female,59,Warangal,Telangana,2023-08-03
16,Customer_0016,Male,52,Vadodara,Gujarat,2024-10-12
17,Customer_0017,Female,35,New Delhi,Delhi,2024-04-18
18,Customer_0018,Female,21,Lucknow,Uttar Pradesh,2024-12-02
19,Customer_0019,Female,43,New Delhi,Delhi,2025-04-04
20,Customer_0020,Female,31,Chennai,Tamil Nadu,2023-08-05
21,Customer_0021,Female,27,Udaipur,Rajasthan,2024-10-20
22,Customer_0022,Female,55,Chennai,Tamil Nadu,2023-09-10
23,Customer_0023,Male,26,Siliguri,West Bengal,2024-01-06
24,Customer_0024,Male,25,Noida,Uttar Pradesh,2023-04-04
25,Customer_0025,Female,56,Mangaluru,Karnataka,2023-06-13
26,Customer_0026,Female,51,Surat,Gujarat,2024-01-26
27,Customer_0027,Male,25,Madurai,Tamil Nadu,2025-05-31
28,Customer_0028,Female,25,Noida,Uttar Pradesh,2025-02-26
29,Customer_0029,Female,18,Coimbatore,Tamil Nadu,2023-06-11
30,Customer_0030,Male,50,Madurai,Tamil Nadu,2025-02-19
31,Customer_0031,Male,27,Vadodara,Gujarat,2023-11-02
32,Customer_0032,Male,56,Hyderabad,Telangana,2024-07-06
33,Customer_0033,Male,41,Warangal,Telangana,2023-01-20
34,Customer_0034,Male,54,Chennai,Tamil Nadu,2023-03-01
35,Customer_0035,Female,22,Ahmedabad,Gujarat,2025-01-19
36,Customer_0036,Female,53,Lucknow,Uttar Pradesh,2023-05-12
37,Customer_0037,Female,31,Mysuru,Karnataka,2024-06-24
38,Customer_0038,Male,37,Kanpur,Uttar Pradesh,2024-12-07
39,Customer_0039,Female,25,Siliguri,West Bengal,2024-03-24
40,Customer_0040,Female,19,New Delhi,Delhi,2023-03-07
41,Customer_0041,Male,18,Kochi,Kerala,2024-08-25
42,Customer_0042,Male,32,Vadodara,Gujarat,2024-10-08
43,Customer_0043,Female,22,Ahmedabad,Gujarat,2025-05-30
44,Customer_0044,Female,31,Lucknow,Uttar Pradesh,2023-10-13
45,Customer_0045,Female,33,Lucknow,Uttar Pradesh,2025-01-10
46,Customer_0046,Male,24,Udaipur,Rajasthan,2023-07-14
47,Customer_0047,Female,47,Siliguri,West Bengal,2024-03-09
48,Customer_0048,Male,21,Nagpur,Maharashtra,2024-10-31
49,Customer_0049,Male,33,Siliguri,West Bengal,2025-03-30
50,Customer_0050,Female,26,New Delhi,Delhi,2024-07-03
51,Customer_0051,Female,33,Kolkata,West Bengal,2023-10-13
52,Customer_0052,Male,21,Surat,Gujarat,2025-04-07
53,Customer_0053,Male,28,Lucknow,Uttar Pradesh,2023-04-06
54,Customer_0054,Male,43,Siliguri,West Bengal,2024-05-07
55,Customer_0055,Male,42,Mumbai,Maharashtra,2024-01-24
56,Customer_0056,Female,53,Coimbatore,Tamil Nadu,2023-10-20
57,Customer_0057,Female,31,Jaipur,Rajasthan,2023-07-14
58,Customer_0058,Male,38,Nagpur,Maharashtra,2025-01-23
59,Customer_0059,Female,50,Mumbai,Maharashtra,2024-08-21
60,Customer_0060,Male,29,Lucknow,Uttar Pradesh,2023-02-28
61,Customer_0061,Male,43,Vadodara,Gujarat,2023-03-11
62,Customer_0062,Male,57,Vadodara,Gujarat,2023-09-10
63,Customer_0063,Female,34,Surat,Gujarat,2024-11-04
64,Customer_0064,Female,43,New Delhi,Delhi,2023-09-02
65,Customer_0065,Female,47,Mangaluru,Karnataka,2024-10-22
66,Customer_0066,Female,57,Hyderabad,Telangana,2023-01-10
67,Customer_0067,Male,50,Kochi,Kerala,2023-03-17
68,Customer_0068,Male,33,Chennai,Tamil Nadu,2023-12-24
69,Customer_0069,Female,52,Warangal,Telangana,2023-06-11
70,Customer_0070,Male,60,Madurai,Tamil Nadu,2025-04-06
71,Customer_0071,Male,26,Noida,Uttar Pradesh,2024-11-10
72,Customer_0072,Male,35,Chennai,Tamil Nadu,2023-04-20
73,Customer_0073,Female,31,Madurai,Tamil Nadu,2023-08-04
74,Customer_0074,Female,21,Madurai,Tamil Nadu,2024-05-15
75,Customer_0075,Female,20,Vadodara,Gujarat,2024-03-09
76,Customer_0076,Male,58,Pune,Maharashtra,2025-02-28
77,Customer_0077,Female,53,Chennai,Tamil Nadu,2025-01-29
78,Customer_0078,Male,27,Kolkata,West Bengal,2023-04-25
79,Customer_0079,Female,55,Lucknow,Uttar Pradesh,2025-05-04
80,Customer_0080,Male,20,Lucknow,Uttar Pradesh,2024-03-16
81,Customer_0081,Male,40,Coimbatore,Tamil Nadu,2025-03-26
82,Customer_0082,Male,40,New Delhi,Delhi,2024-11-13
83,Customer_0083,Male,33,Noida,Uttar Pradesh,2024-09-27
84,Customer_0084,Male,29,Bengaluru,Karnataka,2024-02-27
85,Customer_0085,Male,35,Warangal,Telangana,2025-04-01
86,Customer_0086,Female,20,Mangaluru,Karnataka,2023-04-21
87,Customer_0087,Female,40,Jaipur,Rajasthan,2023-07-24
88,Customer_0088,Male,60,Chennai,Tamil Nadu,2023-08-17
89,Customer_0089,Female,22,New Delhi,Delhi,2023-12-03
90,Customer_0090,Female,52,Coimbatore,Tamil Nadu,2024-10-18
91,Customer_0091,Female,29,Hyderabad,Telangana,2023-04-29
92,Customer_0092,Male,56,Thiruvananthapuram,Kerala,2023-02-09
93,Customer_0093,Female,45,Siliguri,West Bengal,2025-01-16
94,Customer_0094,Male,34,Kochi,Kerala,2024-01-30
95,Customer_0095,Male,51,Nagpur,Maharashtra,2024-03-22
96,Customer_0096,Male,41,Kanpur,Uttar Pradesh,2025-01-06
97,Customer_0097,Female,57,Kolkata,West Bengal,2024-11-11
98,Customer_0098,Female,50,Hyderabad,Telangana,2025-01-07
99,Customer_0099,Female,43,Madurai,Tamil Nadu,2024-02-23
100,Customer_0100,Male,44,Madurai,Tamil Nadu,2023-05-11
101,Customer_0101,Female,43,Kolkata,West Bengal,2024-09-22
102,Customer_0102,Female,31,Lucknow,Uttar Pradesh,2023-11-08
103,Customer_0103,Female,46,Siliguri,West Bengal,2024-04-21
104,Customer_0104,Male,60,New Delhi,Delhi,2025-03-23
105,Customer_0105,Female,23,Surat,Gujarat,2024-06-11
106,Customer_0106,Male,27,New Delhi,Delhi,2023-08-19
107,Customer_0107,Female,57,Mumbai,Maharashtra,2023-09-08
108,Customer_0108,Male,42,Surat,Gujarat,2024-02-29
109,Customer_0109,Male,59,Udaipur,Rajasthan,2023-09-07
110,Customer_0110,Female,32,Mumbai,Maharashtra,2025-03-08
111,Customer_0111,Female,21,Mangaluru,Karnataka,2024-06-14
112,Customer_0112,Male,47,Lucknow,Uttar Pradesh,2025-05-18
113,Customer_0113,Female,46,Mysuru,Karnataka,2024-11-14
114,Customer_0114,Female,28,Thiruvananthapuram,Kerala,2025-04-30
115,Customer_0115,Male,58,Udaipur,Rajasthan,2023-09-23
116,Customer_0116,Male,35,Madurai,Tamil Nadu,2024-05-11
117,Customer_0117,Female,33,Jaipur,Rajasthan,2024-12-31
118,Customer_0118,Male,26,Coimbatore,Tamil Nadu,2023-11-24
119,Customer_0119,Male,31,Bengaluru,Karnataka,2024-01-28
120,Customer_0120,Female,52,Surat,Gujarat,2024-02-22
121,Customer_0121,Male,44,Udaipur,Rajasthan,2023-03-05
122,Customer_0122,Female,48,Kolkata,West Bengal,2025-05-27
123,Customer_0123,Female,44,Pune,Maharashtra,2023-11-02
124,Customer_0124,Male,49,Kanpur,Uttar Pradesh,2025-01-22
125,Customer_0125,Female,19,New Delhi,Delhi,2024-03-22
126,Customer_0126,Female,28,Siliguri,West Bengal,2024-11-15
127,Customer_0127,Male,43,Jaipur,Rajasthan,2024-09-29
128,Customer_0128,Female,26,Kochi,Kerala,2023-03-27
129,Customer_0129,Female,42,Jaipur,Rajasthan,2023-02-21
130,Customer_0130,Female,39,Hyderabad,Telangana,2024-04-10
131,Customer_0131,Female,34,Siliguri,West Bengal,2025-02-09
132,Customer_0132,Male,40,Surat,Gujarat,2023-01-20
133,Customer_0133,Male,19,New Delhi,Delhi,2025-03-10
134,Customer_0134,Male,57,New Delhi,Delhi,2025-05-09
135,Customer_0135,Female,60,Bengaluru,Karnataka,2023-05-10
136,Customer_0136,Female,34,Vadodara,Gujarat,2023-08-12
137,Customer_0137,Male,28,Hyderabad,Telangana,2024-09-12
138,Customer_0138,Male,37,Chennai,Tamil Nadu,2024-08-15
139,Customer_0139,Male,22,Thiruvananthapuram,Kerala,2024-02-11
140,Customer_0140,Female,56,Kochi,Kerala,2023-04-15
141,Customer_0141,Male,40,Vadodara,Gujarat,2025-03-12
142,Customer_0142,Female,22,Noida,Uttar Pradesh,2024-11-08
143,Customer_0143,Male,44,Kanpur,Uttar Pradesh,2023-12-16
144,Customer_0144,Female,58,Jaipur,Rajasthan,2024-03-19
145,Customer_0145,Male,51,Jaipur,Rajasthan,2024-03-21
146,Customer_0146,Female,47,Madurai,Tamil Nadu,2025-04-07
147,Customer_0147,Male,23,Siliguri,West Bengal,2023-11-27
148,Customer_0148,Female,54,Coimbatore,Tamil Nadu,2023-09-07
149,Customer_0149,Male,49,Thiruvananthapuram,Kerala,2023-12-11
150,Customer_0150,Male,40,Hyderabad,Telangana,2024-05-14
151,Customer_0151,Female,53,Coimbatore,Tamil Nadu,2023-10-14
152,Customer_0152,Male,33,Nagpur,Maharashtra,2023-07-15
153,Customer_0153,Male,48,Siliguri,West Bengal,2024-07-22
154,Customer_0154,Male,23,Udaipur,Rajasthan,2025-03-22
155,Customer_0155,Male,37,Chennai,Tamil Nadu,2024-02-19
156,Customer_0156,Female,45,Thiruvananthapuram,Kerala,2024-04-29
157,Customer_0157,Female,35,Noida,Uttar Pradesh,2023-12-27
158,Customer_0158,Male,30,Coimbatore,Tamil Nadu,2023-08-25
159,Customer_0159,Male,30,Hyderabad,Telangana,2025-01-30
160,Customer_0160,Female,24,New Delhi,Delhi,2023-10-11
161,Customer_0161,Female,29,New Delhi,Delhi,2023-08-21
162,Customer_0162,Male,35,Chennai,Tamil Nadu,2024-12-26
163,Customer_0163,Female,26,Mumbai,Maharashtra,2024-07-20
164,Customer_0164,Male,54,Jaipur,Rajasthan,2025-06-12
165,Customer_0165,Female,39,Coimbatore,Tamil Nadu,2024-05-05
166,Customer_0166,Female,25,Bengaluru,Karnataka,2023-09-16
167,Customer_0167,Male,54,Surat,Gujarat,2024-05-18
168,Customer_0168,Female,23,Mumbai,Maharashtra,2023-06-02
169,Customer_0169,Female,56,New Delhi,Delhi,2024-07-25
170,Customer_0170,Female,46,Kochi,Kerala,2025-03-05
171,Customer_0171,Female,37,Udaipur,Rajasthan,2025-05-30
172,Customer_0172,Male,31,Kochi,Kerala,2024-09-16
173,Customer_0173,Male,28,New Delhi,Delhi,2024-11-07
174,Customer_0174,Male,28,New Delhi,Delhi,2024-07-19
175,Customer_0175,Female,36,Pune,Maharashtra,2024-04-06
176,Customer_0176,Female,47,Mumbai,Maharashtra,2023-10-23
177,Customer_0177,Female,58,Vadodara,Gujarat,2023-08-28
178,Customer_0178,Male,52,Kochi,Kerala,2024-03-11
179,Customer_0179,Male,22,New Delhi,Delhi,2023-09-30
180,Customer_0180,Female,56,Mumbai,Maharashtra,2025-03-22
181,Customer_0181,Male,47,Thiruvananthapuram,Kerala,2024-03-25
182,Customer_0182,Female,50,Madurai,Tamil Nadu,2024-02-17
183,Customer_0183,Male,56,Noida,Uttar Pradesh,2024-03-24
184,Customer_0184,Female,56,Pune,Maharashtra,2025-01-22
185,Customer_0185,Male,54,Chennai,Tamil Nadu,2023-04-04
186,Customer_0186,Female,54,Kochi,Kerala,2025-02-22
187,Customer_0187,Female,35,Mumbai,Maharashtra,2024-04-26
188,Customer_0188,Female,23,Mangaluru,Karnataka,2024-03-22
189,Customer_0189,Female,38,Udaipur,Rajasthan,2024-02-23
190,Customer_0190,Female,49,Ahmedabad,Gujarat,2023-12-04
191,Customer_0191,Male,47,Madurai,Tamil Nadu,2024-02-15
192,Customer_0192,Female,25,Surat,Gujarat,2023-09-16
193,Customer_0193,Female,44,Kolkata,West Bengal,2024-11-04
194,Customer_0194,Female,57,Mumbai,Maharashtra,2024-06-14
195,Customer_0195,Male,31,Udaipur,Rajasthan,2025-02-17
196,Customer_0196,Female,46,Madurai,Tamil Nadu,2023-05-15
197,Customer_0197,Male,28,Jaipur,Rajasthan,2023-01-30
198,Customer_0198,Female,23,Madurai,Tamil Nadu,2023-01-15
199,Customer_0199,Male,59,New Delhi,Delhi,2024-04-17
200,Customer_0200,Female,50,Mysuru,Karnataka,2025-01-03
201,Customer_0201,Female,48,Coimbatore,Tamil Nadu,2025-05-04
202,Customer_0202,Male,42,New Delhi,Delhi,2024-07-18
203,Customer_0203,Male,35,New Delhi,Delhi,2025-06-03
204,Customer_0204,Female,18,Siliguri,West Bengal,2025-03-17
205,Customer_0205,Female,27,Madurai,Tamil Nadu,2023-11-02
206,Customer_0206,Female,53,Udaipur,Rajasthan,2023-12-20
207,Customer_0207,Female,30,Noida,Uttar Pradesh,2024-04-11
208,Customer_0208,Female,20,New Delhi,Delhi,2023-08-28
209,Customer_0209,Female,42,Warangal,Telangana,2024-12-23
210,Customer_0210,Male,50,Mysuru,Karnataka,2023-02-07
211,Customer_0211,Male,46,Thiruvananthapuram,Kerala,2025-06-09
212,Customer_0212,Male,27,Vadodara,Gujarat,2024-04-12
213,Customer_0213,Female,34,Kolkata,West Bengal,2023-03-18
214,Customer_0214,Male,39,Warangal,Telangana,2024-10-27
215,Customer_0215,Female,52,Noida,Uttar Pradesh,2023-11-21
216,Customer_0216,Male,58,Nagpur,Maharashtra,2023-03-12
217,Customer_0217,Male,45,Chennai,Tamil Nadu,2025-02-03
218,Customer_0218,Male,46,Vadodara,Gujarat,2024-12-21
219,Customer_0219,Male,20,Mangaluru,Karnataka,2023-11-03
220,Customer_0220,Female,41,Hyderabad,Telangana,2023-10-28
221,Customer_0221,Female,54,Kolkata,West Bengal,2023-09-08
222,Customer_0222,Male,57,Bengaluru,Karnataka,2023-06-29
223,Customer_0223,Male,32,Kolkata,West Bengal,2024-05-24
224,Customer_0224,Female,60,Udaipur,Rajasthan,2024-04-15
225,Customer_0225,Male,22,Pune,Maharashtra,2023-10-22
226,Customer_0226,Female,58,Udaipur,Rajasthan,2024-08-24
227,Customer_0227,Female,30,Siliguri,West Bengal,2024-04-12
228,Customer_0228,Male,42,Siliguri,West Bengal,2023-04-20
229,Customer_0229,Female,36,Thiruvananthapuram,Kerala,2024-08-11
230,Customer_0230,Female,18,Nagpur,Maharashtra,2024-02-10
231,Customer_0231,Female,36,Kochi,Kerala,2024-09-12
232,Customer_0232,Male,57,New Delhi,Delhi,2023-08-13
233,Customer_0233,Male,58,Madurai,Tamil Nadu,2025-02-12
234,Customer_0234,Male,37,Vadodara,Gujarat,2024-10-23
235,Customer_0235,Female,26,Jaipur,Rajasthan,2024-08-16
236,Customer_0236,Female,29,Surat,Gujarat,2023-12-01
237,Customer_0237,Female,51,New Delhi,Delhi,2025-03-16
238,Customer_0238,Male,34,Noida,Uttar Pradesh,2025-04-30
239,Customer_0239,Female,25,Udaipur,Rajasthan,2025-02-03
240,Customer_0240,Male,43,Jaipur,Rajasthan,2023-05-25
241,Customer_0241,Female,18,Noida,Uttar Pradesh,2023-04-03
242,Customer_0242,Female,41,Madurai,Tamil Nadu,2023-05-07
243,Customer_0243,Female,24,Madurai,Tamil Nadu,2024-01-26
244,Customer_0244,Female,57,New Delhi,Delhi,2023-01-26
245,Customer_0245,Female,37,New Delhi,Delhi,2024-10-12
246,Customer_0246,Male,20,Kolkata,West Bengal,2023-05-24
247,Customer_0247,Male,33,Coimbatore,Tamil Nadu,2023-04-29
248,Customer_0248,Female,41,Lucknow,Uttar Pradesh,2024-02-02
249,Customer_0249,Male,44,Noida,Uttar Pradesh,2024-08-24
250,Customer_0250,Female,35,Surat,Gujarat,2024-09-22
251,Customer_0251,Male,46,Nagpur,Maharashtra,2024-01-15
252,Customer_0252,Female,24,Jaipur,Rajasthan,2025-05-25
253,Customer_0253,Female,35,Warangal,Telangana,2023-03-04
254,Customer_0254,Female,23,New Delhi,Delhi,2025-05-18
255,Customer_0255,Female,33,New Delhi,Delhi,2023-02-21
256,Customer_0256,Male,53,Mangaluru,Karnataka,2023-07-30
257,Customer_0257,Male,39,New Delhi,Delhi,2025-04-12
258,Customer_0258,Female,27,Mangaluru,Karnataka,2023-01-03
259,Customer_0259,Male,25,Mangaluru,Karnataka,2023-09-14
260,Customer_0260,Female,33,Mumbai,Maharashtra,2023-01-16
261,Customer_0261,Male,34,Thiruvananthapuram,Kerala,2023-01-17
262,Customer_0262,Female,51,Mumbai,Maharashtra,2025-01-29
263,Customer_0263,Female,46,Vadodara,Gujarat,2023-03-07
264,Customer_0264,Male,57,Hyderabad,Telangana,2024-04-07
265,Customer_0265,Female,47,Nagpur,Maharashtra,2025-03-13
266,Customer_0266,Female,45,Mumbai,Maharashtra,2024-05-05
267,Customer_0267,Female,22,Surat,Gujarat,2024-12-30
268,Customer_0268,Male,22,Surat,Gujarat,2024-09-14
269,Customer_0269,Female,42,Mysuru,Karnataka,2024-10-01
270,Customer_0270,Female,24,Thiruvananthapuram,Kerala,2024-04-09
271,Customer_0271,Male,45,Vadodara,Gujarat,2024-10-28
272,Customer_0272,Female,47,Jaipur,Rajasthan,2024-02-28
273,Customer_0273,Male,38,Siliguri,West Bengal,2025-01-17
274,Customer_0274,Female,41,Siliguri,West Bengal,2024-11-12
275,Customer_0275,Male,23,Mangaluru,Karnataka,2024-04-30
276,Customer_0276,Male,41,Ahmedabad,Gujarat,2024-03-18
277,Customer_0277,Female,60,Mangaluru,Karnataka,2023-03-03
278,Customer_0278,Female,21,Surat,Gujarat,2023-12-29
279,Customer_0279,Female,24,Madurai,Tamil Nadu,2023-11-16
280,Customer_0280,Female,32,Kochi,Kerala,2023-06-08
281,Customer_0281,Female,25,Surat,Gujarat,2025-05-15
282,Customer_0282,Female,53,Madurai,Tamil Nadu,2023-08-20
283,Customer_0283,Female,19,Kochi,Kerala,2024-09-15
284,Customer_0284,Female,39,Mysuru,Karnataka,2024-12-20
285,Customer_0285,Male,54,Hyderabad,Telangana,2023-07-05
286,Customer_0286,Male,23,Kolkata,West Bengal,2023-05-26
287,Customer_0287,Female,47,Lucknow,Uttar Pradesh,2024-01-21
288,Customer_0288,Female,38,Hyderabad,Telangana,2024-01-14
289,Customer_0289,Male,28,Kochi,Kerala,2023-02-23
290,Customer_0290,Male,35,Kochi,Kerala,2024-11-21
291,Customer_0291,Female,44,Udaipur,Rajasthan,2024-05-12
292,Customer_0292,Male,40,Chennai,Tamil Nadu,2025-02-12
293,Customer_0293,Female,51,Kolkata,West Bengal,2023-10-18
294,Customer_0294,Female,56,Chennai,Tamil Nadu,2023-08-14
295,Customer_0295,Female,31,Mumbai,Maharashtra,2023-07-29
296,Customer_0296,Female,25,Mysuru,Karnataka,2023-10-24
297,Customer_0297,Female,29,Pune,Maharashtra,2025-02-03
298,Customer_0298,Male,50,Mysuru,Karnataka,2024-06-29
299,Customer_0299,Female,22,Kanpur,Uttar Pradesh,2025-04-05
300,Customer_0300,Male,47,Kolkata,West Bengal,2024-03-22
301,Customer_0301,Female,54,Surat,Gujarat,2024-08-12
302,Customer_0302,Male,43,Siliguri,West Bengal,2023-10-24
303,Customer_0303,Female,41,Pune,Maharashtra,2023-06-25
304,Customer_0304,Male,33,Surat,Gujarat,2025-05-14
305,Customer_0305,Male,43,Siliguri,West Bengal,2024-06-20
306,Customer_0306,Male,39,Madurai,Tamil Nadu,2023-12-14
307,Customer_0307,Male,51,Bengaluru,Karnataka,2024-06-06
308,Customer_0308,Female,40,Lucknow,Uttar Pradesh,2025-03-05
309,Customer_0309,Male,34,Bengaluru,Karnataka,2023-04-16
310,Customer_0310,Male,59,New Delhi,Delhi,2024-09-08
311,Customer_0311,Female,47,Ahmedabad,Gujarat,2025-03-02
312,Customer_0312,Female,58,Thiruvananthapuram,Kerala,2024-11-28
313,Customer_0313,Male,48,Hyderabad,Telangana,2024-03-26
314,Customer_0314,Female,55,Udaipur,Rajasthan,2025-03-26
315,Customer_0315,Male,37,Pune,Maharashtra,2024-06-03
316,Customer_0316,Male,41,Udaipur,Rajasthan,2023-02-08
317,Customer_0317,Male,57,Chennai,Tamil Nadu,2024-10-22
318,Customer_0318,Male,46,Thiruvananthapuram,Kerala,2024-04-18
319,Customer_0319,Female,50,Kochi,Kerala,2023-11-26
320,Customer_0320,Male,39,Bengaluru,Karnataka,2024-04-06
321,Customer_0321,Male,20,Vadodara,Gujarat,2024-10-23
322,Customer_0322,Male,41,New Delhi,Delhi,2024-03-25
323,Customer_0323,Female,39,Warangal,Telangana,2024-02-01
324,Customer_0324,Female,22,Kochi,Kerala,2025-03-19
325,Customer_0325,Female,36,Hyderabad,Telangana,2024-07-25
326,Customer_0326,Male,39,Madurai,Tamil Nadu,2025-05-22
327,Customer_0327,Male,40,Vadodara,Gujarat,2024-11-10
328,Customer_0328,Female,26,Madurai,Tamil Nadu,2024-12-16
329,Customer_0329,Female,59,Kochi,Kerala,2023-11-14
330,Customer_0330,Male,59,Hyderabad,Telangana,2024-11-17
331,Customer_0331,Female,37,Siliguri,West Bengal,2023-01-19
332,Customer_0332,Female,30,Bengaluru,Karnataka,2023-12-16
333,Customer_0333,Male,36,New Delhi,Delhi,2023-06-08
334,Customer_0334,Male,60,Vadodara,Gujarat,2025-02-28
335,Customer_0335,Female,27,Hyderabad,Telangana,2024-09-03
336,Customer_0336,Male,46,Bengaluru,Karnataka,2025-05-01
337,Customer_0337,Male,46,Pune,Maharashtra,2024-01-09
338,Customer_0338,Female,32,Thiruvananthapuram,Kerala,2025-02-09
339,Customer_0339,Female,30,Lucknow,Uttar Pradesh,2023-11-13
340,Customer_0340,Female,42,Warangal,Telangana,2024-04-17
341,Customer_0341,Male,30,Kanpur,Uttar Pradesh,2024-03-04
342,Customer_0342,Female,21,Kochi,Kerala,2025-06-12
343,Customer_0343,Male,51,Udaipur,Rajasthan,2024-07-21
344,Customer_0344,Male,35,Surat,Gujarat,2023-03-27
345,Customer_0345,Female,23,Jaipur,Rajasthan,2025-04-30
346,Customer_0346,Male,44,New Delhi,Delhi,2023-12-24
347,Customer_0347,Female,33,Pune,Maharashtra,2024-05-29
348,Customer_0348,Male,19,Kolkata,West Bengal,2024-01-19
349,Customer_0349,Female,27,Hyderabad,Telangana,2025-05-09
350,Customer_0350,Female,26,Bengaluru,Karnataka,2023-10-21
351,Customer_0351,Male,23,Udaipur,Rajasthan,2024-09-22
352,Customer_0352,Male,53,Pune,Maharashtra,2023-08-09
353,Customer_0353,Female,33,Thiruvananthapuram,Kerala,2023-04-24
354,Customer_0354,Male,44,Chennai,Tamil Nadu,2023-02-18
355,Customer_0355,Male,49,Thiruvananthapuram,Kerala,2023-03-06
356,Customer_0356,Male,27,Kochi,Kerala,2024-10-09
357,Customer_0357,Female,33,Coimbatore,Tamil Nadu,2023-01-02
358,Customer_0358,Male,51,Thiruvananthapuram,Kerala,2023-07-11
359,Customer_0359,Male,42,Hyderabad,Telangana,2024-06-22
360,Customer_0360,Female,41,Jaipur,Rajasthan,2024-10-12
361,Customer_0361,Female,22,Madurai,Tamil Nadu,2023-01-17
362,Customer_0362,Male,55,Hyderabad,Telangana,2025-01-20
363,Customer_0363,Female,52,Hyderabad,Telangana,2023-02-15
364,Customer_0364,Female,48,Hyderabad,Telangana,2025-04-30
365,Customer_0365,Female,20,Bengaluru,Karnataka,2023-03-06
366,Customer_0366,Male,20,Chennai,Tamil Nadu,2023-02-14
367,Customer_0367,Female,52,Warangal,Telangana,2024-06-11
368,Customer_0368,Male,36,Udaipur,Rajasthan,2023-02-07
369,Customer_0369,Female,35,Hyderabad,Telangana,2025-06-05
370,Customer_0370,Female,46,Surat,Gujarat,2024-03-23
371,Customer_0371,Female,49,Siliguri,West Bengal,2023-07-11
372,Customer_0372,Male,45,Warangal,Telangana,2025-03-31
373,Customer_0373,Male,52,Surat,Gujarat,2024-09-08
374,Customer_0374,Male,38,Coimbatore,Tamil Nadu,2023-04-16
375,Customer_0375,Female,28,Coimbatore,Tamil Nadu,2024-04-01
376,Customer_0376,Male,40,Udaipur,Rajasthan,2024-04-02
377,Customer_0377,Male,22,Thiruvananthapuram,Kerala,2023-10-09
378,Customer_0378,Male,19,Siliguri,West Bengal,2024-06-09
379,Customer_0379,Female,20,Mangaluru,Karnataka,2024-11-25
380,Customer_0380,Female,41,Bengaluru,Karnataka,2023-08-30
381,Customer_0381,Male,46,Kolkata,West Bengal,2024-09-11
382,Customer_0382,Male,54,Warangal,Telangana,2024-03-30
383,Customer_0383,Female,38,Mangaluru,Karnataka,2024-01-11
384,Customer_0384,Male,29,Chennai,Tamil Nadu,2023-04-27
385,Customer_0385,Male,34,Udaipur,Rajasthan,2024-07-29
386,Customer_0386,Male,57,Madurai,Tamil Nadu,2024-04-01
387,Customer_0387,Male,25,Madurai,Tamil Nadu,2024-05-17
388,Customer_0388,Male,46,Bengaluru,Karnataka,2024-04-07
389,Customer_0389,Female,60,Vadodara,Gujarat,2025-05-15
390,Customer_0390,Female,37,Hyderabad,Telangana,2024-07-17
391,Customer_0391,Male,41,Mangaluru,Karnataka,2024-12-27
392,Customer_0392,Male,26,Lucknow,Uttar Pradesh,2023-05-05
393,Customer_0393,Female,53,New Delhi,Delhi,2023-01-27
394,Customer_0394,Male,57,Thiruvananthapuram,Kerala,2024-04-23
395,Customer_0395,Female,48,Ahmedabad,Gujarat,2023-11-13
396,Customer_0396,Female,54,Noida,Uttar Pradesh,2025-02-26
397,Customer_0397,Male,46,Ahmedabad,Gujarat,2023-11-21
398,Customer_0398,Male,26,Udaipur,Rajasthan,2023-05-12
399,Customer_0399,Male,51,Kolkata,West Bengal,2025-05-01
400,Customer_0400,Male,38,Mysuru,Karnataka,2023-06-18
401,Customer_0401,Female,23,New Delhi,Delhi,2024-06-15
402,Customer_0402,Female,26,Chennai,Tamil Nadu,2024-10-12
403,Customer_0403,Male,50,Madurai,Tamil Nadu,2024-06-30
404,Customer_0404,Male,28,Mangaluru,Karnataka,2024-08-17
405,Customer_0405,Male,19,Thiruvananthapuram,Kerala,2025-05-12
406,Customer_0406,Female,59,Ahmedabad,Gujarat,2024-10-18
407,Customer_0407,Male,49,New Delhi,Delhi,2024-09-24
408,Customer_0408,Female,48,Noida,Uttar Pradesh,2024-10-19
409,Customer_0409,Female,22,New Delhi,Delhi,2023-11-01
410,Customer_0410,Female,48,Mumbai,Maharashtra,2024-03-26
411,Customer_0411,Male,38,Jaipur,Rajasthan,2023-12-15
412,Customer_0412,Male,41,Warangal,Telangana,2024-02-13
413,Customer_0413,Female,33,Kanpur,Uttar Pradesh,2023-04-19
414,Customer_0414,Female,33,Jaipur,Rajasthan,2023-10-01
415,Customer_0415,Female,42,Bengaluru,Karnataka,2023-02-21
416,Customer_0416,Male,38,Thiruvananthapuram,Kerala,2023-09-12
417,Customer_0417,Male,49,Thiruvananthapuram,Kerala,2023-07-14
418,Customer_0418,Female,49,Noida,Uttar Pradesh,2024-05-25
419,Customer_0419,Female,33,Mumbai,Maharashtra,2024-02-07
420,Customer_0420,Male,36,New Delhi,Delhi,2023-02-19
421,Customer_0421,Male,24,Udaipur,Rajasthan,2023-10-20
422,Customer_0422,Female,43,Kolkata,West Bengal,2023-09-28
423,Customer_0423,Male,54,Hyderabad,Telangana,2024-02-15
424,Customer_0424,Female,22,Lucknow,Uttar Pradesh,2024-01-07
425,Customer_0425,Female,57,Siliguri,West Bengal,2025-02-21
426,Customer_0426,Male,43,Kochi,Kerala,2023-05-12
427,Customer_0427,Female,27,Warangal,Telangana,2024-07-25
428,Customer_0428,Male,20,New Delhi,Delhi,2024-05-27
429,Customer_0429,Female,48,Mumbai,Maharashtra,2024-12-31
430,Customer_0430,Male,38,Noida,Uttar Pradesh,2023-06-02
431,Customer_0431,Female,57,Thiruvananthapuram,Kerala,2023-06-16
432,Customer_0432,Female,54,Madurai,Tamil Nadu,2023-12-11
433,Customer_0433,Male,41,Coimbatore,Tamil Nadu,2025-04-15
434,Customer_0434,Female,58,Hyderabad,Telangana,2024-03-02
435,Customer_0435,Female,59,Nagpur,Maharashtra,2024-04-30
436,Customer_0436,Male,55,Kochi,Kerala,2025-01-08
437,Customer_0437,Female,27,Jaipur,Rajasthan,2024-06-20
438,Customer_0438,Male,30,New Delhi,Delhi,2024-08-09
439,Customer_0439,Female,27,Pune,Maharashtra,2023-11-18
440,Customer_0440,Female,21,Kolkata,West Bengal,2024-02-25
441,Customer_0441,Female,60,Mangaluru,Karnataka,2023-08-01
442,Customer_0442,Male,47,Udaipur,Rajasthan,2023-11-18
443,Customer_0443,Female,59,Noida,Uttar Pradesh,2024-07-13
444,Customer_0444,Male,33,Madurai,Tamil Nadu,2024-05-10
445,Customer_0445,Male,37,Madurai,Tamil Nadu,2023-11-02
446,Customer_0446,Female,38,Madurai,Tamil Nadu,2023-08-01
447,Customer_0447,Female,36,Udaipur,Rajasthan,2024-07-27
448,Customer_0448,Female,43,Vadodara,Gujarat,2024-11-23
449,Customer_0449,Male,36,Hyderabad,Telangana,2023-10-25
450,Customer_0450,Female,48,Surat,Gujarat,2024-03-28
451,Customer_0451,Female,53,New Delhi,Delhi,2025-04-27
452,Customer_0452,Male,33,Chennai,Tamil Nadu,2023-04-22
453,Customer_0453,Male,58,Nagpur,Maharashtra,2024-06-27
454,Customer_0454,Female,39,New Delhi,Delhi,2023-04-13
455,Customer_0455,Male,18,Jaipur,Rajasthan,2024-11-28
456,Customer_0456,Female,48,Lucknow,Uttar Pradesh,2024-02-21
457,Customer_0457,Female,59,New Delhi,Delhi,2023-11-25
458,Customer_0458,Male,52,Mumbai,Maharashtra,2024-10-29
459,Customer_0459,Male,20,Mumbai,Maharashtra,2024-03-03
460,Customer_0460,Female,20,Siliguri,West Bengal,2023-07-10
461,Customer_0461,Male,39,Pune,Maharashtra,2024-08-04
462,Customer_0462,Female,26,Coimbatore,Tamil Nadu,2024-10-18
463,Customer_0463,Male,25,Noida,Uttar Pradesh,2023-10-07
464,Customer_0464,Female,59,Hyderabad,Telangana,2025-01-18
465,Customer_0465,Male,39,Madurai,Tamil Nadu,2023-07-10
466,Customer_0466,Male,29,Madurai,Tamil Nadu,2024-11-21
467,Customer_0467,Female,50,Thiruvananthapuram,Kerala,2025-04-26
468,Customer_0468,Male,29,Hyderabad,Telangana,2024-02-15
469,Customer_0469,Male,18,Mysuru,Karnataka,2023-11-28
470,Customer_0470,Female,35,Coimbatore,Tamil Nadu,2023-08-30
471,Customer_0471,Male,34,Warangal,Telangana,2024-08-19
472,Customer_0472,Male,47,Hyderabad,Telangana,2023-03-05
473,Customer_0473,Female,25,Chennai,Tamil Nadu,2024-02-20
474,Customer_0474,Male,32,Coimbatore,Tamil Nadu,2024-09-21
475,Customer_0475,Female,56,Mysuru,Karnataka,2023-06-06
476,Customer_0476,Female,52,Warangal,Telangana,2024-12-19
477,Customer_0477,Male,51,New Delhi,Delhi,2024-11-27
478,Customer_0478,Male,21,Udaipur,Rajasthan,2023-03-21
479,Customer_0479,Male,28,Kanpur,Uttar Pradesh,2023-07-27
480,Customer_0480,Male,55,Warangal,Telangana,2023-04-30
481,Customer_0481,Female,21,Jaipur,Rajasthan,2024-06-06
482,Customer_0482,Female,47,Jaipur,Rajasthan,2024-06-09
483,Customer_0483,Female,37,Kochi,Kerala,2024-07-26
484,Customer_0484,Male,31,Pune,Maharashtra,2023-09-18
485,Customer_0485,Female,40,Kochi,Kerala,2023-02-16
486,Customer_0486,Male,48,Vadodara,Gujarat,2023-03-03
487,Customer_0487,Male,26,Pune,Maharashtra,2024-02-23
488,Customer_0488,Female,42,Siliguri,West Bengal,2024-01-27
489,Customer_0489,Male,59,Kolkata,West Bengal,2024-11-30
490,Customer_0490,Female,51,Hyderabad,Telangana,2023-07-02
491,Customer_0491,Male,19,Mangaluru,Karnataka,2023-08-17
492,Customer_0492,Female,52,Coimbatore,Tamil Nadu,2024-11-20
493,Customer_0493,Female,40,Kolkata,West Bengal,2023-09-11
494,Customer_0494,Male,20,Mysuru,Karnataka,2023-07-13
495,Customer_0495,Male,22,Kolkata,West Bengal,2023-09-04
496,Customer_0496,Female,56,Vadodara,Gujarat,2023-02-04
497,Customer_0497,Male,43,Mumbai,Maharashtra,2025-01-28
498,Customer_0498,Male,21,Jaipur,Rajasthan,2024-07-06
499,Customer_0499,Male,54,Mangaluru,Karnataka,2023-10-24
500,Customer_0500,Female,27,Warangal,Telangana,2023-08-31
501,Customer_0501,Female,35,Lucknow,Uttar Pradesh,2024-02-28
502,Customer_0502,Male,58,Nagpur,Maharashtra,2024-08-28
503,Customer_0503,Female,59,Siliguri,West Bengal,2023-02-18
504,Customer_0504,Female,44,Siliguri,West Bengal,2024-12-14
505,Customer_0505,Male,52,Mysuru,Karnataka,2024-01-21
506,Customer_0506,Male,37,Jaipur,Rajasthan,2025-05-19
507,Customer_0507,Female,44,Mysuru,Karnataka,2023-03-01
508,Customer_0508,Female,33,Kanpur,Uttar Pradesh,2023-05-18
509,Customer_0509,Male,46,Chennai,Tamil Nadu,2023-12-05
510,Customer_0510,Male,21,Hyderabad,Telangana,2024-07-02
511,Customer_0511,Male,22,Coimbatore,Tamil Nadu,2024-11-20
512,Customer_0512,Male,39,New Delhi,Delhi,2024-05-05
513,Customer_0513,Male,25,Chennai,Tamil Nadu,2023-08-05
514,Customer_0514,Male,43,Jaipur,Rajasthan,2024-12-13
515,Customer_0515,Female,42,New Delhi,Delhi,2025-03-05
516,Customer_0516,Female,41,Udaipur,Rajasthan,2023-11-12
517,Customer_0517,Male,48,Noida,Uttar Pradesh,2024-04-22
518,Customer_0518,Female,44,Hyderabad,Telangana,2024-01-15
519,Customer_0519,Male,27,Nagpur,Maharashtra,2025-06-03
520,Customer_0520,Female,36,Pune,Maharashtra,2024-07-20
521,Customer_0521,Male,42,Bengaluru,Karnataka,2023-12-04
522,Customer_0522,Female,34,Kochi,Kerala,2024-05-26
523,Customer_0523,Male,40,Udaipur,Rajasthan,2024-04-16
524,Customer_0524,Female,29,Bengaluru,Karnataka,2025-01-07
525,Customer_0525,Male,22,Kanpur,Uttar Pradesh,2023-03-02
526,Customer_0526,Male,58,Mumbai,Maharashtra,2024-02-27
527,Customer_0527,Male,18,New Delhi,Delhi,2024-12-25
528,Customer_0528,Male,57,New Delhi,Delhi,2024-01-18
529,Customer_0529,Female,19,Thiruvananthapuram,Kerala,2024-11-06
530,Customer_0530,Female,18,Nagpur,Maharashtra,2024-07-18
531,Customer_0531,Female,52,Nagpur,Maharashtra,2025-01-09
532,Customer_0532,Female,29,Chennai,Tamil Nadu,2024-05-29
533,Customer_0533,Male,33,Ahmedabad,Gujarat,2024-06-20
534,Customer_0534,Female,35,New Delhi,Delhi,2025-04-14
535,Customer_0535,Female,47,Kolkata,West Bengal,2024-01-18
536,Customer_0536,Male,37,Kochi,Kerala,2024-12-14
537,Customer_0537,Male,23,Vadodara,Gujarat,2025-05-28
538,Customer_0538,Female,21,Siliguri,West Bengal,2024-01-22
539,Customer_0539,Male,49,Nagpur,Maharashtra,2023-06-25
540,Customer_0540,Male,51,Siliguri,West Bengal,2024-08-02
541,Customer_0541,Female,35,Mumbai,Maharashtra,2023-08-05
542,Customer_0542,Female,52,Mumbai,Maharashtra,2024-12-01
543,Customer_0543,Female,19,Kochi,Kerala,2023-07-03
544,Customer_0544,Female,22,New Delhi,Delhi,2025-02-09
545,Customer_0545,Male,54,Chennai,Tamil Nadu,2024-07-31
546,Customer_0546,Male,23,Siliguri,West Bengal,2024-01-29
547,Customer_0547,Male,24,Kanpur,Uttar Pradesh,2023-12-21
548,Customer_0548,Male,39,Kolkata,West Bengal,2025-05-08
549,Customer_0549,Female,19,Thiruvananthapuram,Kerala,2025-03-03
550,Customer_0550,Male,40,Coimbatore,Tamil Nadu,2024-05-17
551,Customer_0551,Male,55,Noida,Uttar Pradesh,2024-03-18
552,Customer_0552,Female,33,Kolkata,West Bengal,2025-03-01
553,Customer_0553,Male,42,Ahmedabad,Gujarat,2023-10-02
554,Customer_0554,Female,41,Mangaluru,Karnataka,2024-02-03
555,Customer_0555,Female,46,Ahmedabad,Gujarat,2023-01-06
556,Customer_0556,Male,23,Warangal,Telangana,2023-04-15
557,Customer_0557,Female,24,Mysuru,Karnataka,2024-04-04
558,Customer_0558,Male,56,Mumbai,Maharashtra,2023-12-29
559,Customer_0559,Female,18,Thiruvananthapuram,Kerala,2025-06-03
560,Customer_0560,Male,53,Coimbatore,Tamil Nadu,2024-02-02
561,Customer_0561,Female,28,New Delhi,Delhi,2024-12-02
562,Customer_0562,Female,49,Mysuru,Karnataka,2023-11-05
563,Customer_0563,Female,35,Bengaluru,Karnataka,2023-06-21
564,Customer_0564,Male,41,Siliguri,West Bengal,2024-05-10
565,Customer_0565,Female,56,Chennai,Tamil Nadu,2025-01-08
566,Customer_0566,Male,26,Kochi,Kerala,2024-04-13
567,Customer_0567,Female,57,Chennai,Tamil Nadu,2024-02-10
568,Customer_0568,Female,45,Siliguri,West Bengal,2024-03-26
569,Customer_0569,Female,56,Kochi,Kerala,2023-11-04
570,Customer_0570,Male,43,New Delhi,Delhi,2023-11-18
571,Customer_0571,Female,54,Warangal,Telangana,2025-01-22
572,Customer_0572,Female,43,New Delhi,Delhi,2024-01-21
573,Customer_0573,Male,55,Hyderabad,Telangana,2024-07-31
574,Customer_0574,Male,47,Lucknow,Uttar Pradesh,2024-11-29
575,Customer_0575,Female,22,New Delhi,Delhi,2025-03-27
576,Customer_0576,Female,33,Siliguri,West Bengal,2023-05-23
577,Customer_0577,Female,42,Madurai,Tamil Nadu,2023-06-07
578,Customer_0578,Female,55,Surat,Gujarat,2024-09-04
579,Customer_0579,Male,41,Siliguri,West Bengal,2024-07-10
580,Customer_0580,Male,24,Kanpur,Uttar Pradesh,2024-10-15
581,Customer_0581,Male,54,New Delhi,Delhi,2023-06-20
582,Customer_0582,Female,24,Siliguri,West Bengal,2025-03-26
583,Customer_0583,Male,50,Mumbai,Maharashtra,2023-09-22
584,Customer_0584,Male,46,Kanpur,Uttar Pradesh,2024-08-17
585,Customer_0585,Male,40,Warangal,Telangana,2024-04-19
586,Customer_0586,Female,44,Pune,Maharashtra,2023-04-18
587,Customer_0587,Male,40,Ahmedabad,Gujarat,2025-05-01
588,Customer_0588,Male,51,Coimbatore,Tamil Nadu,2024-04-11
589,Customer_0589,Male,46,Udaipur,Rajasthan,2024-05-02
590,Customer_0590,Female,20,Udaipur,Rajasthan,2023-03-10
591,Customer_0591,Female,59,Ahmedabad,Gujarat,2025-05-19
592,Customer_0592,Male,33,Vadodara,Gujarat,2025-03-30
593,Customer_0593,Male,39,Lucknow,Uttar Pradesh,2024-07-19
594,Customer_0594,Male,43,Noida,Uttar Pradesh,2024-04-18
595,Customer_0595,Female,43,Bengaluru,Karnataka,2024-10-17
596,Customer_0596,Male,46,Nagpur,Maharashtra,2024-09-20
597,Customer_0597,Male,31,Thiruvananthapuram,Kerala,2024-02-03
598,Customer_0598,Male,54,New Delhi,Delhi,2025-02-09
599,Customer_0599,Female,38,Vadodara,Gujarat,2023-07-11
600,Customer_0600,Female,60,New Delhi,Delhi,2023-04-27
601,Customer_0601,Female,57,Udaipur,Rajasthan,2024-09-03
602,Customer_0602,Female,47,Kolkata,West Bengal,2023-12-23
603,Customer_0603,Female,57,Kochi,Kerala,2025-04-13
604,Customer_0604,Male,38,Kochi,Kerala,2024-11-19
605,Customer_0605,Male,29,Ahmedabad,Gujarat,2023-11-09
606,Customer_0606,Female,44,Hyderabad,Telangana,2024-06-07
607,Customer_0607,Female,45,Kochi,Kerala,2024-08-11
608,Customer_0608,Male,53,Mysuru,Karnataka,2024-10-12
609,Customer_0609,Male,29,Mysuru,Karnataka,2023-10-23
610,Customer_0610,Male,40,Warangal,Telangana,2024-09-26
611,Customer_0611,Male,42,Pune,Maharashtra,2023-05-20
612,Customer_0612,Female,44,Kanpur,Uttar Pradesh,2024-10-30
613,Customer_0613,Female,49,Udaipur,Rajasthan,2024-12-28
614,Customer_0614,Male,32,Bengaluru,Karnataka,2024-08-01
615,Customer_0615,Male,52,Chennai,Tamil Nadu,2023-10-09
616,Customer_0616,Female,54,Chennai,Tamil Nadu,2025-03-10
617,Customer_0617,Male,35,Jaipur,Rajasthan,2024-08-09
618,Customer_0618,Male,46,Noida,Uttar Pradesh,2024-07-09
619,Customer_0619,Male,59,Lucknow,Uttar Pradesh,2024-03-11
620,Customer_0620,Male,46,New Delhi,Delhi,2025-06-14
621,Customer_0621,Male,46,Coimbatore,Tamil Nadu,2025-06-01
622,Customer_0622,Female,57,Ahmedabad,Gujarat,2023-08-03
623,Customer_0623,Male,31,Kolkata,West Bengal,2024-09-22
624,Customer_0624,Female,52,New Delhi,Delhi,2024-08-06
625,Customer_0625,Male,38,Madurai,Tamil Nadu,2024-07-05
626,Customer_0626,Female,50,Coimbatore,Tamil Nadu,2024-08-09
627,Customer_0627,Female,21,Ahmedabad,Gujarat,2025-02-07
628,Customer_0628,Male,33,Madurai,Tamil Nadu,2023-05-10
629,Customer_0629,Male,43,Mangaluru,Karnataka,2023-11-26
630,Customer_0630,Female,58,Jaipur,Rajasthan,2024-08-14
631,Customer_0631,Male,58,Siliguri,West Bengal,2024-04-07
632,Customer_0632,Female,41,Surat,Gujarat,2024-06-11
633,Customer_0633,Male,23,Udaipur,Rajasthan,2023-12-02
634,Customer_0634,Male,52,Udaipur,Rajasthan,2025-05-20
635,Customer_0635,Male,49,Kolkata,West Bengal,2024-03-15
636,Customer_0636,Female,39,Coimbatore,Tamil Nadu,2025-04-28
637,Customer_0637,Female,39,Kanpur,Uttar Pradesh,2023-05-14
638,Customer_0638,Female,19,Mumbai,Maharashtra,2023-04-12
639,Customer_0639,Female,18,Ahmedabad,Gujarat,2024-03-27
640,Customer_0640,Male,59,Kolkata,West Bengal,2024-12-06
641,Customer_0641,Female,23,Chennai,Tamil Nadu,2025-06-14
642,Customer_0642,Female,60,Warangal,Telangana,2023-03-26
643,Customer_0643,Female,32,Bengaluru,Karnataka,2024-02-10
644,Customer_0644,Male,18,Kolkata,West Bengal,2024-12-21
645,Customer_0645,Male,55,New Delhi,Delhi,2023-03-21
646,Customer_0646,Male,39,New Delhi,Delhi,2023-01-10
647,Customer_0647,Male,48,Surat,Gujarat,2024-12-11
648,Customer_0648,Male,24,Ahmedabad,Gujarat,2024-01-28
649,Customer_0649,Female,26,Surat,Gujarat,2024-01-12
650,Customer_0650,Male,22,Kolkata,West Bengal,2024-10-18
651,Customer_0651,Male,46,Kanpur,Uttar Pradesh,2023-01-09
652,Customer_0652,Male,44,Hyderabad,Telangana,2024-10-05
653,Customer_0653,Male,23,Thiruvananthapuram,Kerala,2025-05-30
654,Customer_0654,Male,55,Ahmedabad,Gujarat,2025-02-09
655,Customer_0655,Female,26,Siliguri,West Bengal,2024-03-15
656,Customer_0656,Male,33,New Delhi,Delhi,2024-10-22
657,Customer_0657,Female,19,Kanpur,Uttar Pradesh,2024-09-06
658,Customer_0658,Male,43,Chennai,Tamil Nadu,2024-06-14
659,Customer_0659,Male,49,Madurai,Tamil Nadu,2023-02-25
660,Customer_0660,Female,58,Kolkata,West Bengal,2023-09-04
661,Customer_0661,Male,41,Kochi,Kerala,2024-06-24
662,Customer_0662,Female,41,Hyderabad,Telangana,2024-02-01
663,Customer_0663,Female,22,Kanpur,Uttar Pradesh,2023-06-26
664,Customer_0664,Male,34,Nagpur,Maharashtra,2023-03-11
665,Customer_0665,Female,50,New Delhi,Delhi,2023-03-03
666,Customer_0666,Female,45,Madurai,Tamil Nadu,2024-12-30
667,Customer_0667,Male,35,Kolkata,West Bengal,2024-10-17
668,Customer_0668,Male,27,Surat,Gujarat,2023-03-22
669,Customer_0669,Male,37,Noida,Uttar Pradesh,2024-02-05
670,Customer_0670,Male,23,Kolkata,West Bengal,2023-03-01
671,Customer_0671,Male,37,Kolkata,West Bengal,2024-04-09
672,Customer_0672,Male,18,Bengaluru,Karnataka,2023-01-13
673,Customer_0673,Female,28,Mysuru,Karnataka,2023-12-22
674,Customer_0674,Female,25,Hyderabad,Telangana,2025-02-06
675,Customer_0675,Female,35,Pune,Maharashtra,2025-04-06
676,Customer_0676,Male,49,Lucknow,Uttar Pradesh,2023-09-27
677,Customer_0677,Female,54,Udaipur,Rajasthan,2023-02-26
678,Customer_0678,Female,24,Mysuru,Karnataka,2023-06-11
679,Customer_0679,Male,20,Kochi,Kerala,2023-08-22
680,Customer_0680,Female,41,Mumbai,Maharashtra,2023-02-17
681,Customer_0681,Male,53,Kolkata,West Bengal,2023-07-03
682,Customer_0682,Male,44,Kolkata,West Bengal,2023-11-26
683,Customer_0683,Male,54,Warangal,Telangana,2025-04-25
684,Customer_0684,Male,29,Hyderabad,Telangana,2024-05-29
685,Customer_0685,Male,47,New Delhi,Delhi,2024-02-15
686,Customer_0686,Male,53,Coimbatore,Tamil Nadu,2023-12-02
687,Customer_0687,Male,36,Jaipur,Rajasthan,2024-01-13
688,Customer_0688,Male,47,Thiruvananthapuram,Kerala,2025-01-27
689,Customer_0689,Male,52,Warangal,Telangana,2025-03-02
690,Customer_0690,Female,19,New Delhi,Delhi,2023-01-07
691,Customer_0691,Male,39,New Delhi,Delhi,2024-10-13
692,Customer_0692,Female,24,Nagpur,Maharashtra,2024-01-21
693,Customer_0693,Female,21,New Delhi,Delhi,2024-03-05
694,Customer_0694,Male,20,Mangaluru,Karnataka,2023-10-14
695,Customer_0695,Female,47,New Delhi,Delhi,2024-12-18
696,Customer_0696,Male,58,Vadodara,Gujarat,2023-04-08
697,Customer_0697,Male,45,Kolkata,West Bengal,2024-08-29
698,Customer_0698,Female,38,Bengaluru,Karnataka,2023-10-26
699,Customer_0699,Female,35,Siliguri,West Bengal,2023-11-22
700,Customer_0700,Male,55,New Delhi,Delhi,2023-07-27
701,Customer_0701,Male,46,Ahmedabad,Gujarat,2023-04-19
702,Customer_0702,Male,52,Udaipur,Rajasthan,2024-02-21
703,Customer_0703,Female,47,Hyderabad,Telangana,2024-04-07
704,Customer_0704,Male,37,Chennai,Tamil Nadu,2023-04-03
705,Customer_0705,Female,27,Kochi,Kerala,2023-08-09
706,Customer_0706,Female,43,Vadodara,Gujarat,2023-09-12
707,Customer_0707,Female,34,Lucknow,Uttar Pradesh,2024-11-24
708,Customer_0708,Female,53,Bengaluru,Karnataka,2024-02-19
709,Customer_0709,Female,24,Lucknow,Uttar Pradesh,2023-04-07
710,Customer_0710,Male,32,Bengaluru,Karnataka,2023-01-13
711,Customer_0711,Female,41,Bengaluru,Karnataka,2025-04-23
712,Customer_0712,Female,22,Vadodara,Gujarat,2024-08-23
713,Customer_0713,Female,26,Mumbai,Maharashtra,2023-07-22
714,Customer_0714,Male,47,Surat,Gujarat,2023-05-06
715,Customer_0715,Female,43,Mumbai,Maharashtra,2024-08-10
716,Customer_0716,Female,29,Jaipur,Rajasthan,2024-01-27
717,Customer_0717,Female,35,Hyderabad,Telangana,2023-07-11
718,Customer_0718,Male,59,Jaipur,Rajasthan,2023-02-05
719,Customer_0719,Female,21,Coimbatore,Tamil Nadu,2024-02-26
720,Customer_0720,Male,44,Surat,Gujarat,2024-01-28
721,Customer_0721,Male,42,New Delhi,Delhi,2024-10-07
722,Customer_0722,Female,40,Warangal,Telangana,2024-07-11
723,Customer_0723,Female,29,Thiruvananthapuram,Kerala,2024-02-02
724,Customer_0724,Male,19,Pune,Maharashtra,2024-09-03
725,Customer_0725,Female,51,Chennai,Tamil Nadu,2025-04-08
726,Customer_0726,Male,33,Hyderabad,Telangana,2023-06-13
727,Customer_0727,Male,32,New Delhi,Delhi,2024-06-30
728,Customer_0728,Male,29,Thiruvananthapuram,Kerala,2023-12-30
729,Customer_0729,Female,55,New Delhi,Delhi,2025-04-05
730,Customer_0730,Female,54,Nagpur,Maharashtra,2024-12-18
731,Customer_0731,Male,49,Kochi,Kerala,2024-07-30
732,Customer_0732,Female,20,Noida,Uttar Pradesh,2023-06-29
733,Customer_0733,Male,19,Ahmedabad,Gujarat,2023-08-27
734,Customer_0734,Female,57,Noida,Uttar Pradesh,2023-01-01
735,Customer_0735,Male,38,New Delhi,Delhi,2023-12-15
736,Customer_0736,Male,25,Mumbai,Maharashtra,2023-06-01
737,Customer_0737,Female,60,Noida,Uttar Pradesh,2023-03-16
738,Customer_0738,Female,38,Kolkata,West Bengal,2023-12-11
739,Customer_0739,Female,58,Bengaluru,Karnataka,2025-01-19
740,Customer_0740,Female,32,Udaipur,Rajasthan,2023-06-28
741,Customer_0741,Female,36,Kochi,Kerala,2024-01-23
742,Customer_0742,Male,54,Bengaluru,Karnataka,2025-01-16
743,Customer_0743,Female,57,Kolkata,West Bengal,2023-07-06
744,Customer_0744,Male,39,New Delhi,Delhi,2024-05-23
745,Customer_0745,Female,28,Ahmedabad,Gujarat,2023-12-22
746,Customer_0746,Female,46,Vadodara,Gujarat,2024-11-17
747,Customer_0747,Male,22,Pune,Maharashtra,2023-08-03
748,Customer_0748,Male,18,Warangal,Telangana,2025-03-16
749,Customer_0749,Female,28,Pune,Maharashtra,2024-03-24
750,Customer_0750,Female,52,Siliguri,West Bengal,2024-01-23
751,Customer_0751,Female,54,Kolkata,West Bengal,2025-04-28
752,Customer_0752,Male,20,New Delhi,Delhi,2024-04-07
753,Customer_0753,Female,24,Chennai,Tamil Nadu,2023-11-23
754,Customer_0754,Female,28,Surat,Gujarat,2023-06-24
755,Customer_0755,Female,56,Vadodara,Gujarat,2023-04-06
756,Customer_0756,Male,45,Thiruvananthapuram,Kerala,2024-12-22
757,Customer_0757,Male,21,Mangaluru,Karnataka,2024-03-20
758,Customer_0758,Male,44,Surat,Gujarat,2023-07-30
759,Customer_0759,Female,60,Kanpur,Uttar Pradesh,2025-01-17
760,Customer_0760,Male,21,Coimbatore,Tamil Nadu,2023-09-01
761,Customer_0761,Male,41,Siliguri,West Bengal,2023-06-07
762,Customer_0762,Female,60,Pune,Maharashtra,2023-03-31
763,Customer_0763,Male,19,Thiruvananthapuram,Kerala,2023-07-24
764,Customer_0764,Female,23,New Delhi,Delhi,2024-10-15
765,Customer_0765,Female,48,Jaipur,Rajasthan,2023-11-12
766,Customer_0766,Female,29,Udaipur,Rajasthan,2023-04-04
767,Customer_0767,Male,46,Warangal,Telangana,2024-01-14
768,Customer_0768,Female,34,Pune,Maharashtra,2024-03-26
769,Customer_0769,Male,27,New Delhi,Delhi,2024-07-31
770,Customer_0770,Female,52,Ahmedabad,Gujarat,2024-11-15
771,Customer_0771,Male,42,Kolkata,West Bengal,2024-07-20
772,Customer_0772,Female,54,Noida,Uttar Pradesh,2024-07-02
773,Customer_0773,Male,43,New Delhi,Delhi,2023-11-03
774,Customer_0774,Male,25,Nagpur,Maharashtra,2024-08-07
775,Customer_0775,Male,30,Jaipur,Rajasthan,2023-06-21
776,Customer_0776,Male,45,Bengaluru,Karnataka,2024-03-09
777,Customer_0777,Female,38,New Delhi,Delhi,2025-05-04
778,Customer_0778,Female,53,Ahmedabad,Gujarat,2024-02-02
779,Customer_0779,Female,18,Warangal,Telangana,2024-06-16
780,Customer_0780,Female,27,Thiruvananthapuram,Kerala,2023-04-26
781,Customer_0781,Male,24,Mangaluru,Karnataka,2024-08-25
782,Customer_0782,Female,52,Kochi,Kerala,2025-03-15
783,Customer_0783,Female,59,Warangal,Telangana,2023-09-28
784,Customer_0784,Male,35,Udaipur,Rajasthan,2023-02-08
785,Customer_0785,Female,20,Kolkata,West Bengal,2024-09-25
786,Customer_0786,Male,21,Siliguri,West Bengal,2024-12-08
787,Customer_0787,Male,39,Udaipur,Rajasthan,2024-01-17
788,Customer_0788,Female,24,Coimbatore,Tamil Nadu,2023-10-15
789,Customer_0789,Female,38,New Delhi,Delhi,2023-11-04
790,Customer_0790,Male,30,Madurai,Tamil Nadu,2024-03-02
791,Customer_0791,Female,49,Jaipur,Rajasthan,2025-04-23
792,Customer_0792,Male,50,Noida,Uttar Pradesh,2025-04-20
793,Customer_0793,Female,26,Bengaluru,Karnataka,2023-11-15
794,Customer_0794,Male,30,Kanpur,Uttar Pradesh,2023-01-30
795,Customer_0795,Male,47,New Delhi,Delhi,2023-09-13
796,Customer_0796,Male,35,Pune,Maharashtra,2024-12-22
797,Customer_0797,Female,58,Warangal,Telangana,2024-06-01
798,Customer_0798,Male,41,Vadodara,Gujarat,2023-02-01
799,Customer_0799,Female,55,Udaipur,Rajasthan,2023-07-01
800,Customer_0800,Male,34,Noida,Uttar Pradesh,2023-12-19
801,Customer_0801,Female,21,Surat,Gujarat,2023-01-29
802,Customer_0802,Male,32,Mangaluru,Karnataka,2025-03-09
803,Customer_0803,Female,50,New Delhi,Delhi,2023-10-03
804,Customer_0804,Female,26,Nagpur,Maharashtra,2023-01-10
805,Customer_0805,Male,32,Mangaluru,Karnataka,2025-03-31
806,Customer_0806,Female,59,Madurai,Tamil Nadu,2025-04-04
807,Customer_0807,Female,47,Coimbatore,Tamil Nadu,2024-01-21
808,Customer_0808,Female,51,Chennai,Tamil Nadu,2024-04-22
809,Customer_0809,Male,18,Thiruvananthapuram,Kerala,2024-08-21
810,Customer_0810,Female,53,Kanpur,Uttar Pradesh,2025-05-13
811,Customer_0811,Male,48,Thiruvananthapuram,Kerala,2023-11-02
812,Customer_0812,Female,35,Surat,Gujarat,2023-10-11
813,Customer_0813,Female,30,Madurai,Tamil Nadu,2024-12-29
814,Customer_0814,Male,21,Mangaluru,Karnataka,2025-02-22
815,Customer_0815,Female,26,Thiruvananthapuram,Kerala,2024-11-07
816,Customer_0816,Female,34,Nagpur,Maharashtra,2024-05-24
817,Customer_0817,Male,55,Siliguri,West Bengal,2024-02-02
818,Customer_0818,Male,52,Kochi,Kerala,2023-12-18
819,Customer_0819,Female,28,Udaipur,Rajasthan,2024-06-03
820,Customer_0820,Male,48,Lucknow,Uttar Pradesh,2023-10-28
821,Customer_0821,Male,39,Mangaluru,Karnataka,2023-09-22
822,Customer_0822,Male,37,Ahmedabad,Gujarat,2023-12-30
823,Customer_0823,Female,55,Siliguri,West Bengal,2024-01-16
824,Customer_0824,Male,48,Coimbatore,Tamil Nadu,2025-05-21
825,Customer_0825,Male,48,Nagpur,Maharashtra,2024-08-20
826,Customer_0826,Female,51,New Delhi,Delhi,2025-06-07
827,Customer_0827,Male,26,Coimbatore,Tamil Nadu,2023-02-25
828,Customer_0828,Female,27,New Delhi,Delhi,2024-02-24
829,Customer_0829,Male,49,Hyderabad,Telangana,2025-03-08
830,Customer_0830,Male,18,Hyderabad,Telangana,2023-11-17
831,Customer_0831,Male,54,Udaipur,Rajasthan,2023-08-03
832,Customer_0832,Male,26,Mysuru,Karnataka,2025-03-15
833,Customer_0833,Female,43,Thiruvananthapuram,Kerala,2024-10-10
834,Customer_0834,Male,20,Siliguri,West Bengal,2024-01-28
835,Customer_0835,Female,18,Lucknow,Uttar Pradesh,2025-01-18
836,Customer_0836,Male,58,Hyderabad,Telangana,2023-01-19
837,Customer_0837,Female,37,New Delhi,Delhi,2024-12-11
838,Customer_0838,Female,28,Bengaluru,Karnataka,2024-01-28
839,Customer_0839,Female,47,Ahmedabad,Gujarat,2023-11-02
840,Customer_0840,Female,45,Kanpur,Uttar Pradesh,2024-06-20
841,Customer_0841,Female,30,Mysuru,Karnataka,2024-05-16
842,Customer_0842,Male,32,Mysuru,Karnataka,2023-01-20
843,Customer_0843,Male,55,Bengaluru,Karnataka,2025-01-21
844,Customer_0844,Female,59,Lucknow,Uttar Pradesh,2023-05-07
845,Customer_0845,Female,52,Pune,Maharashtra,2025-06-16
846,Customer_0846,Male,60,Kochi,Kerala,2024-08-31
847,Customer_0847,Male,21,Vadodara,Gujarat,2025-05-06
848,Customer_0848,Female,25,Surat,Gujarat,2024-03-30
849,Customer_0849,Male,31,Noida,Uttar Pradesh,2024-04-30
850,Customer_0850,Male,60,Pune,Maharashtra,2024-03-06
851,Customer_0851,Male,44,Noida,Uttar Pradesh,2024-09-29
852,Customer_0852,Male,36,Vadodara,Gujarat,2025-01-06
853,Customer_0853,Male,56,Ahmedabad,Gujarat,2024-05-24
854,Customer_0854,Male,40,New Delhi,Delhi,2025-05-01
855,Customer_0855,Male,53,Siliguri,West Bengal,2023-06-14
856,Customer_0856,Female,39,Jaipur,Rajasthan,2024-12-05
857,Customer_0857,Male,25,New Delhi,Delhi,2023-01-14
858,Customer_0858,Male,50,Thiruvananthapuram,Kerala,2023-06-02
859,Customer_0859,Male,34,Vadodara,Gujarat,2025-01-10
860,Customer_0860,Female,47,New Delhi,Delhi,2023-10-31
861,Customer_0861,Male,20,Mumbai,Maharashtra,2025-04-12
862,Customer_0862,Female,45,Coimbatore,Tamil Nadu,2025-03-31
863,Customer_0863,Male,18,Ahmedabad,Gujarat,2025-05-21
864,Customer_0864,Male,39,Mangaluru,Karnataka,2024-10-24
865,Customer_0865,Female,23,Warangal,Telangana,2024-09-28
866,Customer_0866,Male,43,Warangal,Telangana,2023-07-07
867,Customer_0867,Female,48,Siliguri,West Bengal,2023-10-06
868,Customer_0868,Male,21,Kolkata,West Bengal,2023-04-26
869,Customer_0869,Female,54,Bengaluru,Karnataka,2024-03-02
870,Customer_0870,Female,40,Jaipur,Rajasthan,2024-09-17
871,Customer_0871,Male,48,Kochi,Kerala,2025-06-02
872,Customer_0872,Female,20,Jaipur,Rajasthan,2024-02-26
873,Customer_0873,Female,18,Surat,Gujarat,2024-11-01
874,Customer_0874,Male,60,Kanpur,Uttar Pradesh,2024-08-13
875,Customer_0875,Male,48,Hyderabad,Telangana,2024-03-19
876,Customer_0876,Male,18,Warangal,Telangana,2023-06-02
877,Customer_0877,Female,49,Mangaluru,Karnataka,2025-05-19
878,Customer_0878,Female,38,Bengaluru,Karnataka,2025-02-08
879,Customer_0879,Male,50,New Delhi,Delhi,2023-10-12
880,Customer_0880,Male,23,New Delhi,Delhi,2024-02-17
881,Customer_0881,Female,23,Udaipur,Rajasthan,2025-03-31
882,Customer_0882,Male,49,Udaipur,Rajasthan,2023-11-20
883,Customer_0883,Female,20,Mumbai,Maharashtra,2024-02-18
884,Customer_0884,Male,56,Kanpur,Uttar Pradesh,2023-01-01
885,Customer_0885,Male,59,Thiruvananthapuram,Kerala,2024-06-04
886,Customer_0886,Male,32,Udaipur,Rajasthan,2024-01-08
887,Customer_0887,Female,60,Udaipur,Rajasthan,2024-07-27
888,Customer_0888,Male,60,Warangal,Telangana,2023-04-27
889,Customer_0889,Female,58,New Delhi,Delhi,2023-12-16
890,Customer_0890,Female,24,Madurai,Tamil Nadu,2024-06-18
891,Customer_0891,Male,44,Mumbai,Maharashtra,2024-05-19
892,Customer_0892,Male,30,Surat,Gujarat,2024-09-17
893,Customer_0893,Female,30,Surat,Gujarat,2023-08-09
894,Customer_0894,Female,20,Hyderabad,Telangana,2025-02-14
895,Customer_0895,Female,47,Kochi,Kerala,2025-03-01
896,Customer_0896,Male,51,Kochi,Kerala,2024-05-25
897,Customer_0897,Female,50,Nagpur,Maharashtra,2024-03-19
898,Customer_0898,Male,26,Mangaluru,Karnataka,2024-08-15
899,Customer_0899,Female,50,Surat,Gujarat,2024-11-04
900,Customer_0900,Male,35,Siliguri,West Bengal,2024-09-15
901,Customer_0901,Female,26,Siliguri,West Bengal,2023-10-29
902,Customer_0902,Female,53,Mysuru,Karnataka,2024-09-08
903,Customer_0903,Male,57,Hyderabad,Telangana,2023-07-25
904,Customer_0904,Male,59,Madurai,Tamil Nadu,2023-12-20
905,Customer_0905,Female,25,Mangaluru,Karnataka,2024-07-09
906,Customer_0906,Female,52,Warangal,Telangana,2024-08-19
907,Customer_0907,Male,51,Coimbatore,Tamil Nadu,2025-04-07
908,Customer_0908,Male,21,Ahmedabad,Gujarat,2024-01-26
909,Customer_0909,Male,36,Mumbai,Maharashtra,2023-10-01
910,Customer_0910,Male,36,Chennai,Tamil Nadu,2025-05-09
911,Customer_0911,Female,24,New Delhi,Delhi,2024-01-03
912,Customer_0912,Female,33,Kochi,Kerala,2025-01-30
913,Customer_0913,Male,42,Kanpur,Uttar Pradesh,2023-10-22
914,Customer_0914,Female,53,Siliguri,West Bengal,2025-03-18
915,Customer_0915,Female,30,Mumbai,Maharashtra,2025-01-31
916,Customer_0916,Male,58,Thiruvananthapuram,Kerala,2025-04-29
917,Customer_0917,Male,36,Hyderabad,Telangana,2025-03-05
918,Customer_0918,Male,29,Jaipur,Rajasthan,2024-11-30
919,Customer_0919,Male,42,Mangaluru,Karnataka,2024-06-10
920,Customer_0920,Female,26,Pune,Maharashtra,2023-10-13
921,Customer_0921,Female,18,Mangaluru,Karnataka,2025-05-16
922,Customer_0922,Male,20,Warangal,Telangana,2024-12-27
923,Customer_0923,Male,58,Mysuru,Karnataka,2024-09-03
924,Customer_0924,Female,22,Thiruvananthapuram,Kerala,2024-05-17
925,Customer_0925,Male,50,Hyderabad,Telangana,2023-07-08
926,Customer_0926,Female,23,Mysuru,Karnataka,2024-07-10
927,Customer_0927,Female,39,Hyderabad,Telangana,2023-08-07
928,Customer_0928,Female,53,Warangal,Telangana,2023-08-12
929,Customer_0929,Female,46,Mumbai,Maharashtra,2024-11-15
930,Customer_0930,Female,42,New Delhi,Delhi,2023-02-10
931,Customer_0931,Female,19,Surat,Gujarat,2023-09-20
932,Customer_0932,Female,49,Noida,Uttar Pradesh,2024-06-10
933,Customer_0933,Male,38,Pune,Maharashtra,2024-10-29
934,Customer_0934,Male,52,Lucknow,Uttar Pradesh,2023-04-09
935,Customer_0935,Male,31,Lucknow,Uttar Pradesh,2024-10-03
936,Customer_0936,Male,31,New Delhi,Delhi,2025-05-05
937,Customer_0937,Female,59,Kanpur,Uttar Pradesh,2025-06-18
938,Customer_0938,Male,19,Vadodara,Gujarat,2024-12-03
939,Customer_0939,Male,22,Udaipur,Rajasthan,2023-02-08
940,Customer_0940,Female,53,Mumbai,Maharashtra,2025-03-24
941,Customer_0941,Male,34,Vadodara,Gujarat,2025-04-21
942,Customer_0942,Female,45,Siliguri,West Bengal,2024-04-06
943,Customer_0943,Male,52,Hyderabad,Telangana,2024-02-03
944,Customer_0944,Male,55,Nagpur,Maharashtra,2025-01-07
945,Customer_0945,Male,40,Nagpur,Maharashtra,2025-05-18
946,Customer_0946,Female,56,Lucknow,Uttar Pradesh,2023-10-24
947,Customer_0947,Female,42,Surat,Gujarat,2025-02-22
948,Customer_0948,Male,52,Kolkata,West Bengal,2024-04-30
949,Customer_0949,Female,52,New Delhi,Delhi,2025-02-03
950,Customer_0950,Female,59,Madurai,Tamil Nadu,2023-05-28
951,Customer_0951,Male,25,Hyderabad,Telangana,2024-07-20
952,Customer_0952,Female,52,Mumbai,Maharashtra,2024-08-09
953,Customer_0953,Male,40,Lucknow,Uttar Pradesh,2023-11-09
954,Customer_0954,Male,28,New Delhi,Delhi,2024-10-23
955,Customer_0955,Female,30,Bengaluru,Karnataka,2024-09-23
956,Customer_0956,Male,53,Ahmedabad,Gujarat,2024-11-18
957,Customer_0957,Male,34,Jaipur,Rajasthan,2023-10-25
958,Customer_0958,Female,39,Ahmedabad,Gujarat,2025-01-13
959,Customer_0959,Male,24,Hyderabad,Telangana,2024-11-18
960,Customer_0960,Male,38,Madurai,Tamil Nadu,2023-03-13
961,Customer_0961,Female,55,Udaipur,Rajasthan,2023-12-03
962,Customer_0962,Female,38,Mangaluru,Karnataka,2024-08-03
963,Customer_0963,Female,33,Kolkata,West Bengal,2023-01-05
964,Customer_0964,Female,26,New Delhi,Delhi,2023-10-11
965,Customer_0965,Female,40,Warangal,Telangana,2024-04-18
966,Customer_0966,Male,29,Coimbatore,Tamil Nadu,2024-07-18
967,Customer_0967,Female,26,Kochi,Kerala,2025-05-11
968,Customer_0968,Male,22,Lucknow,Uttar Pradesh,2023-09-27
969,Customer_0969,Male,55,Nagpur,Maharashtra,2024-10-08
970,Customer_0970,Male,20,Thiruvananthapuram,Kerala,2025-02-26
971,Customer_0971,Female,59,Noida,Uttar Pradesh,2024-07-10
972,Customer_0972,Male,55,Mysuru,Karnataka,2024-02-06
973,Customer_0973,Male,43,Chennai,Tamil Nadu,2024-04-20
974,Customer_0974,Male,57,Hyderabad,Telangana,2024-11-09
975,Customer_0975,Female,28,Mangaluru,Karnataka,2023-05-24
976,Customer_0976,Male,48,Mangaluru,Karnataka,2024-08-02
977,Customer_0977,Female,32,Hyderabad,Telangana,2023-08-13
978,Customer_0978,Male,20,Surat,Gujarat,2024-01-14
979,Customer_0979,Female,47,New Delhi,Delhi,2024-02-02
980,Customer_0980,Female,24,Mumbai,Maharashtra,2024-10-26
981,Customer_0981,Female,34,Kanpur,Uttar Pradesh,2025-04-29
982,Customer_0982,Female,41,Kochi,Kerala,2024-01-21
983,Customer_0983,Female,42,Kochi,Kerala,2024-06-13
984,Customer_0984,Female,49,New Delhi,Delhi,2023-12-28
985,Customer_0985,Male,46,Jaipur,Rajasthan,2024-05-28
986,Customer_0986,Female,31,Bengaluru,Karnataka,2023-03-20
987,Customer_0987,Female,56,Bengaluru,Karnataka,2023-06-11
988,Customer_0988,Female,39,Vadodara,Gujarat,2023-08-24
989,Customer_0989,Female,48,Surat,Gujarat,2024-11-22
990,Customer_0990,Female,19,New Delhi,Delhi,2024-10-24
991,Customer_0991,Male,26,New Delhi,Delhi,2023-05-11
992,Customer_0992,Male,21,Lucknow,Uttar Pradesh,2024-08-09
993,Customer_0993,Female,56,Mysuru,Karnataka,2023-07-04
994,Customer_0994,Female,23,Kochi,Kerala,2025-06-18
995,Customer_0995,Female,48,New Delhi,Delhi,2024-09-13
996,Customer_0996,Female,56,Bengaluru,Karnataka,2025-04-30
997,Customer_0997,Male,57,Mangaluru,Karnataka,2025-04-20
998,Customer_0998,Female,47,Noida,Uttar Pradesh,2023-06-21
999,Customer_0999,Female,42,Kochi,Kerala,2023-08-24
1000,Customer_1000,Male,51,Bengaluru,Karnataka,2023-01-17
