Return_ID,Order_ID,Product_ID,Return_Date,Return_Reason
1,19,177,2024-12-02,Size Issue
2,23,75,2024-09-26,Quality Issue
3,29,47,2025-07-29,Quality Issue
4,41,103,2025-11-05,Wrong Product
5,79,11,2024-08-07,Changed Mind
6,85,78,2025-02-10,Quality Issue
7,88,22,2025-01-31,Size Issue
8,95,28,2024-06-07,Changed Mind
9,96,82,2024-06-02,Quality Issue
10,110,147,2024-01-23,Damaged Product
11,152,3,2024-11-20,Wrong Product
12,153,186,2024-05-03,Size Issue
13,163,179,2025-08-18,Size Issue
14,178,104,2025-08-22,Size Issue
15,187,122,2025-01-14,Size Issue
16,188,177,2024-02-21,Damaged Product
17,200,59,2025-06-21,Quality Issue
18,222,32,2025-07-06,Wrong Product
19,226,164,2025-05-06,Damaged Product
20,240,115,2024-03-31,Damaged Product
21,243,136,2024-07-09,Damaged Product
22,273,84,2024-10-16,Wrong Product
23,274,141,2025-01-22,Changed Mind
24,297,33,2024-02-10,Quality Issue
25,298,157,2024-06-04,Damaged Product
26,309,27,2025-07-08,Damaged Product
27,322,54,2025-11-15,Damaged Product
28,323,91,2024-05-23,Wrong Product
29,327,124,2025-05-03,Changed Mind
30,331,187,2025-02-20,Damaged Product
31,346,103,2024-03-03,Quality Issue
32,386,10,2024-07-27,Changed Mind
33,410,171,2024-06-26,Changed Mind
34,411,61,2024-06-28,Damaged Product
35,416,174,2024-09-03,Changed Mind
36,423,115,2024-09-15,Wrong Product
37,434,72,2024-03-16,Damaged Product
38,440,3,2025-05-20,Wrong Product
39,453,45,2024-08-09,Changed Mind
40,454,100,2024-11-07,Changed Mind
41,465,33,2024-07-03,Damaged Product
42,474,191,2024-02-03,Size Issue
43,475,3,2024-06-10,Changed Mind
44,494,192,2025-04-07,Changed Mind
45,498,62,2024-11-19,Quality Issue
46,499,152,2024-12-21,Wrong Product
47,511,139,2024-10-23,Damaged Product
48,514,15,2025-12-19,Changed Mind
49,533,14,2024-05-14,Damaged Product
50,539,35,2024-08-11,Damaged Product
51,545,70,2024-04-16,Damaged Product
52,576,11,2025-09-22,Changed Mind
53,616,128,2024-03-01,Damaged Product
54,627,82,2025-05-11,Quality Issue
55,628,72,2025-09-26,Changed Mind
56,688,141,2025-01-20,Quality Issue
57,696,10,2024-02-19,Size Issue
58,703,56,2024-03-09,Wrong Product
59,704,175,2025-01-16,Size Issue
60,712,114,2024-12-02,Wrong Product
61,727,120,2024-08-18,Size Issue
62,736,125,2025-04-16,Damaged Product
63,739,198,2024-03-31,Wrong Product
64,766,133,2024-10-18,Quality Issue
65,782,25,2026-01-07,Changed Mind
66,786,133,2026-01-07,Size Issue
67,832,152,2024-02-23,Damaged Product
68,833,72,2025-08-25,Changed Mind
69,834,163,2025-11-12,Size Issue
70,838,106,2025-07-07,Quality Issue
71,845,176,2024-05-17,Changed Mind
72,853,142,2024-03-06,Quality Issue
73,868,39,2025-04-07,Damaged Product
74,889,121,2025-07-25,Damaged Product
75,897,155,2025-07-06,Size Issue
76,912,62,2025-06-14,Wrong Product
77,921,114,2024-09-18,Quality Issue
78,926,199,2025-12-16,Damaged Product
79,932,28,2025-09-28,Damaged Product
80,937,57,2024-05-30,Size Issue
81,950,159,2024-09-01,Changed Mind
82,960,188,2025-12-11,Wrong Product
83,963,27,2025-10-29,Wrong Product
84,997,51,2025-04-02,Quality Issue
85,1006,162,2025-12-20,Wrong Product
86,1017,182,2025-01-15,Damaged Product
87,1023,166,2024-05-09,Quality Issue
88,1025,11,2025-11-16,Wrong Product
89,1044,69,2025-08-21,Size Issue
90,1060,124,2025-01-05,Quality Issue
91,1069,93,2024-05-29,Changed Mind
92,1074,90,2024-06-02,Size Issue
93,1088,186,2024-03-31,Wrong Product
94,1091,30,2025-09-24,Wrong Product
95,1103,52,2025-02-14,Changed Mind
96,1107,123,2025-07-29,Size Issue
97,1128,164,2025-02-07,Changed Mind
98,1135,47,2025-10-16,Size Issue
99,1142,66,2025-09-21,Quality Issue
100,1145,110,2025-09-16,Changed Mind
101,1146,91,2025-02-06,Wrong Product
102,1148,168,2025-12-25,Size Issue
103,1162,174,2024-03-10,Quality Issue
104,1173,21,2025-05-21,Damaged Product
105,1186,72,2024-11-28,Changed Mind
106,1187,24,2025-03-03,Quality Issue
107,1193,184,2025-05-14,Changed Mind
108,1197,22,2025-09-25,Changed Mind
109,1200,173,2025-12-29,Changed Mind
110,1215,15,2024-07-22,Damaged Product
111,1233,21,2025-07-07,Damaged Product
112,1236,83,2024-07-22,Damaged Product
113,1250,53,2024-02-05,Damaged Product
114,1252,200,2025-11-30,Quality Issue
115,1272,123,2024-11-22,Wrong Product
116,1275,92,2025-01-28,Size Issue
117,1279,25,2025-11-13,Changed Mind
118,1290,12,2024-06-07,Changed Mind
119,1291,42,2025-12-08,Size Issue
120,1318,80,2024-07-07,Damaged Product
121,1325,139,2024-11-17,Changed Mind
122,1335,160,2024-06-22,Damaged Product
123,1336,97,2025-01-29,Quality Issue
124,1342,199,2024-09-04,Wrong Product
125,1357,149,2024-10-26,Wrong Product
126,1363,6,2025-06-02,Changed Mind
127,1364,170,2025-12-08,Damaged Product
128,1369,35,2024-12-31,Wrong Product
129,1390,92,2024-10-17,Quality Issue
130,1396,8,2025-05-17,Wrong Product
131,1403,96,2025-01-03,Damaged Product
132,1411,192,2024-07-16,Quality Issue
133,1434,128,2024-04-18,Size Issue
134,1438,108,2024-09-23,Damaged Product
135,1456,105,2024-02-29,Wrong Product
136,1459,26,2024-12-13,Damaged Product
137,1464,37,2025-07-13,Size Issue
138,1496,187,2024-08-22,Quality Issue
139,1517,145,2024-01-10,Quality Issue
140,1524,130,2024-02-14,Damaged Product
141,1538,123,2024-09-06,Wrong Product
142,1554,119,2024-11-23,Damaged Product
143,1565,40,2025-06-16,Changed Mind
144,1566,199,2025-11-15,Changed Mind
145,1570,66,2025-09-26,Wrong Product
146,1578,147,2025-11-13,Quality Issue
147,1598,70,2025-02-02,Changed Mind
148,1616,73,2024-01-17,Size Issue
149,1621,28,2024-08-22,Wrong Product
150,1627,96,2024-12-21,Damaged Product
151,1651,72,2025-10-25,Damaged Product
152,1656,88,2025-08-08,Damaged Product
153,1659,42,2026-01-11,Wrong Product
154,1676,168,2024-02-16,Wrong Product
155,1720,94,2024-11-13,Damaged Product
156,1726,27,2025-01-21,Changed Mind
157,1735,51,2025-11-22,Damaged Product
158,1746,57,2025-01-15,Damaged Product
159,1749,85,2025-12-19,Wrong Product
160,1774,89,2025-05-01,Changed Mind
161,1780,34,2025-08-23,Quality Issue
162,1797,54,2025-09-09,Size Issue
163,1803,1,2024-06-20,Size Issue
164,1811,132,2025-08-16,Damaged Product
165,1812,18,2024-10-10,Quality Issue
166,1826,151,2025-05-12,Wrong Product
167,1903,196,2024-09-20,Damaged Product
168,1912,179,2024-02-18,Quality Issue
169,1918,102,2024-09-05,Quality Issue
170,1931,174,2025-11-19,Wrong Product
171,1943,155,2024-06-03,Changed Mind
172,1979,94,2024-09-09,Size Issue
173,1987,107,2025-01-09,Damaged Product
174,1990,65,2024-02-29,Changed Mind
175,1996,82,2025-11-02,Wrong Product
176,2016,136,2025-07-29,Changed Mind
177,2073,87,2024-11-06,Changed Mind
178,2107,37,2024-04-28,Damaged Product
179,2111,1,2025-02-03,Changed Mind
180,2152,17,2025-10-15,Damaged Product
181,2168,18,2025-09-25,Changed Mind
182,2212,72,2024-08-07,Size Issue
183,2239,96,2025-09-16,Size Issue
184,2294,108,2024-04-03,Quality Issue
185,2297,9,2024-04-08,Changed Mind
186,2317,8,2025-11-26,Quality Issue
187,2318,106,2025-05-31,Damaged Product
188,2319,199,2024-08-12,Quality Issue
189,2323,8,2025-03-23,Damaged Product
190,2328,177,2024-06-20,Wrong Product
191,2335,191,2025-04-10,Quality Issue
192,2358,198,2025-09-20,Quality Issue
193,2386,39,2024-02-04,Size Issue
194,2412,53,2025-10-04,Wrong Product
195,2430,107,2024-10-10,Wrong Product
196,2443,54,2025-09-18,Wrong Product
197,2449,193,2024-03-22,Changed Mind
198,2468,55,2024-04-11,Quality Issue
199,2479,1,2024-08-03,Damaged Product
200,2482,139,2025-07-14,Damaged Product
201,2484,149,2024-12-20,Size Issue
202,2486,190,2024-10-15,Quality Issue
203,2499,100,2025-03-18,Size Issue
204,2500,31,2025-01-09,Damaged Product
205,2501,165,2024-03-19,Quality Issue
206,2502,32,2024-11-11,Wrong Product
207,2504,92,2025-05-04,Changed Mind
208,2521,67,2024-04-23,Quality Issue
209,2522,171,2025-05-18,Wrong Product
210,2534,12,2025-06-23,Quality Issue
211,2564,181,2024-06-19,Wrong Product
212,2570,68,2025-10-04,Changed Mind
213,2583,117,2024-12-23,Quality Issue
214,2593,129,2025-11-21,Quality Issue
215,2600,187,2025-09-14,Damaged Product
216,2601,67,2024-04-19,Changed Mind
217,2608,27,2024-02-03,Quality Issue
218,2611,94,2024-12-23,Changed Mind
219,2613,199,2025-05-01,Damaged Product
220,2623,161,2025-01-18,Damaged Product
221,2647,65,2024-05-25,Wrong Product
222,2650,59,2025-12-25,Changed Mind
223,2659,27,2026-01-02,Wrong Product
224,2676,163,2024-09-04,Size Issue
225,2694,11,2024-12-19,Quality Issue
226,2695,161,2025-02-07,Changed Mind
227,2697,169,2024-05-29,Size Issue
228,2710,39,2024-02-27,Changed Mind
229,2724,170,2024-12-19,Quality Issue
230,2750,130,2025-08-10,Quality Issue
231,2760,3,2024-07-02,Changed Mind
232,2772,168,2024-07-13,Wrong Product
233,2778,48,2025-04-14,Quality Issue
234,2807,141,2025-12-25,Changed Mind
235,2812,109,2025-04-19,Size Issue
236,2816,84,2024-06-17,Damaged Product
237,2817,117,2025-11-23,Changed Mind
238,2825,21,2024-10-09,Quality Issue
239,2855,7,2025-07-19,Size Issue
240,2866,136,2025-04-17,Quality Issue
241,2875,149,2025-04-23,Damaged Product
242,2878,148,2025-02-08,Changed Mind
243,2888,41,2024-03-07,Wrong Product
244,2898,151,2024-09-27,Changed Mind
245,2913,49,2024-12-10,Changed Mind
246,2934,78,2025-06-06,Damaged Product
247,2945,139,2024-08-20,Damaged Product
248,2962,56,2024-05-02,Quality Issue
249,2971,149,2025-09-14,Quality Issue
250,2975,186,2024-01-17,Size Issue
251,2978,19,2025-11-03,Quality Issue
252,2994,190,2025-11-23,Changed Mind
253,2997,62,2025-04-08,Size Issue
254,3007,156,2024-06-03,Changed Mind
255,3012,1,2025-08-28,Size Issue
256,3014,117,2025-03-21,Quality Issue
257,3019,56,2025-02-05,Wrong Product
258,3025,58,2024-03-27,Quality Issue
259,3027,174,2025-10-29,Wrong Product
260,3031,93,2024-05-11,Wrong Product
261,3040,129,2025-12-09,Changed Mind
262,3045,6,2024-09-15,Damaged Product
263,3049,107,2025-11-29,Damaged Product
264,3073,109,2025-04-09,Damaged Product
265,3081,90,2024-06-09,Size Issue
266,3087,65,2025-05-09,Damaged Product
267,3108,28,2025-12-29,Changed Mind
268,3110,154,2025-10-14,Changed Mind
269,3137,184,2024-05-13,Damaged Product
270,3163,166,2024-02-11,Size Issue
271,3171,149,2024-07-30,Wrong Product
272,3194,186,2024-03-02,Quality Issue
273,3198,57,2025-05-03,Wrong Product
274,3228,129,2025-06-09,Wrong Product
275,3236,152,2024-08-12,Quality Issue
276,3248,71,2025-02-26,Quality Issue
277,3251,4,2025-05-06,Quality Issue
278,3259,17,2025-05-25,Quality Issue
279,3271,179,2024-04-25,Size Issue
280,3281,62,2025-04-22,Wrong Product
281,3287,115,2024-06-11,Size Issue
282,3291,198,2025-11-06,Changed Mind
283,3292,127,2025-08-31,Quality Issue
284,3298,145,2024-12-16,Changed Mind
285,3299,24,2025-11-23,Wrong Product
286,3313,113,2024-02-16,Wrong Product
287,3323,184,2024-02-23,Damaged Product
288,3328,102,2024-02-27,Damaged Product
289,3330,134,2024-05-15,Changed Mind
290,3338,129,2024-10-28,Damaged Product
291,3340,39,2024-05-16,Changed Mind
292,3346,26,2024-07-27,Quality Issue
293,3350,200,2024-08-02,Damaged Product
294,3355,140,2025-12-23,Changed Mind
295,3356,183,2024-09-08,Size Issue
296,3381,128,2026-01-13,Wrong Product
297,3427,56,2024-10-27,Wrong Product
298,3437,114,2024-09-21,Wrong Product
299,3440,62,2024-01-24,Size Issue
300,3450,20,2024-09-03,Damaged Product
301,3466,154,2025-08-24,Changed Mind
302,3485,117,2025-09-03,Wrong Product
303,3492,128,2025-07-15,Changed Mind
304,3513,119,2024-07-24,Quality Issue
305,3515,130,2025-10-20,Changed Mind
306,3553,46,2025-02-20,Quality Issue
307,3587,110,2025-09-19,Wrong Product
308,3590,168,2025-09-17,Wrong Product
309,3607,106,2025-04-02,Size Issue
310,3614,191,2024-03-20,Quality Issue
311,3620,194,2025-10-17,Wrong Product
312,3623,181,2024-01-24,Quality Issue
313,3641,4,2025-02-09,Wrong Product
314,3644,116,2025-10-06,Quality Issue
315,3668,31,2025-08-22,Changed Mind
316,3679,123,2024-02-02,Damaged Product
317,3693,20,2025-02-02,Wrong Product
318,3698,189,2024-04-11,Damaged Product
319,3699,56,2025-01-10,Size Issue
320,3709,49,2024-03-08,Damaged Product
321,3720,54,2024-10-11,Wrong Product
322,3737,69,2024-12-25,Size Issue
323,3740,170,2024-07-11,Quality Issue
324,3748,113,2025-07-17,Wrong Product
325,3755,102,2024-04-17,Wrong Product
326,3758,150,2024-07-30,Wrong Product
327,3765,125,2024-08-01,Wrong Product
328,3785,69,2025-02-15,Damaged Product
329,3808,18,2025-10-17,Changed Mind
330,3822,144,2025-06-17,Size Issue
331,3824,151,2025-09-02,Size Issue
332,3827,83,2025-10-09,Changed Mind
333,3828,171,2025-12-17,Wrong Product
334,3839,185,2025-09-04,Changed Mind
335,3840,43,2024-06-15,Changed Mind
336,3842,164,2025-04-03,Quality Issue
337,3844,73,2025-01-26,Damaged Product
338,3870,23,2025-03-16,Wrong Product
339,3880,139,2024-11-03,Damaged Product
340,3901,126,2024-11-11,Wrong Product
341,3922,142,2025-07-08,Wrong Product
342,3930,43,2025-06-30,Size Issue
343,3944,112,2024-06-07,Changed Mind
344,3975,96,2024-11-02,Quality Issue
345,3988,131,2024-02-16,Size Issue
346,4001,69,2025-09-18,Size Issue
347,4002,94,2025-10-02,Quality Issue
348,4024,158,2024-05-09,Changed Mind
349,4026,164,2025-10-14,Damaged Product
350,4028,30,2024-03-18,Damaged Product
351,4030,165,2024-05-12,Wrong Product
352,4032,61,2024-09-02,Changed Mind
353,4043,141,2025-02-21,Changed Mind
354,4066,89,2025-03-29,Wrong Product
355,4067,86,2025-05-24,Changed Mind
356,4073,101,2025-11-03,Damaged Product
357,4107,167,2024-09-23,Wrong Product
358,4121,30,2024-11-27,Damaged Product
359,4128,191,2024-01-22,Changed Mind
360,4130,31,2024-11-07,Wrong Product
361,4131,87,2025-04-20,Changed Mind
362,4137,57,2025-11-01,Size Issue
363,4142,125,2025-01-12,Damaged Product
364,4159,185,2024-05-11,Changed Mind
365,4197,14,2025-07-15,Damaged Product
366,4203,54,2025-02-16,Wrong Product
367,4216,108,2025-08-09,Damaged Product
368,4217,104,2024-09-17,Damaged Product
369,4224,86,2025-01-21,Quality Issue
370,4227,95,2025-04-04,Wrong Product
371,4252,57,2025-08-27,Quality Issue
372,4261,133,2024-06-06,Quality Issue
373,4277,124,2025-07-02,Damaged Product
374,4280,69,2024-03-27,Wrong Product
375,4287,185,2025-01-13,Size Issue
376,4311,54,2024-08-25,Changed Mind
377,4314,44,2025-02-12,Quality Issue
378,4321,97,2024-02-11,Quality Issue
379,4332,171,2024-10-19,Size Issue
380,4339,5,2024-07-21,Damaged Product
381,4342,184,2024-10-25,Changed Mind
382,4356,26,2025-10-06,Wrong Product
383,4360,72,2025-05-24,Size Issue
384,4364,162,2025-12-21,Size Issue
385,4376,175,2024-07-24,Size Issue
386,4385,73,2024-05-29,Wrong Product
387,4386,79,2025-12-10,Wrong Product
388,4391,195,2024-03-05,Quality Issue
389,4422,198,2024-10-29,Quality Issue
390,4428,19,2025-10-19,Changed Mind
391,4435,72,2024-01-18,Quality Issue
392,4444,166,2024-08-16,Changed Mind
393,4451,156,2025-02-18,Changed Mind
394,4457,76,2025-03-30,Wrong Product
395,4475,106,2024-06-05,Changed Mind
396,4478,104,2024-09-16,Changed Mind
397,4487,68,2025-10-31,Changed Mind
398,4505,121,2024-09-25,Changed Mind
399,4537,74,2024-04-10,Damaged Product
400,4553,58,2024-03-11,Damaged Product
401,4561,33,2025-12-31,Quality Issue
402,4566,11,2024-08-22,Changed Mind
403,4569,12,2025-01-07,Size Issue
404,4588,189,2024-04-02,Quality Issue
405,4592,15,2024-02-07,Damaged Product
406,4608,70,2025-12-31,Size Issue
407,4639,106,2024-11-10,Size Issue
408,4649,168,2024-09-15,Damaged Product
409,4674,80,2025-12-10,Wrong Product
410,4675,165,2025-04-01,Size Issue
411,4679,20,2024-03-21,Damaged Product
412,4698,56,2025-08-09,Damaged Product
413,4708,180,2025-04-17,Size Issue
414,4713,103,2024-03-05,Damaged Product
415,4718,53,2025-04-21,Size Issue
416,4727,56,2025-09-27,Wrong Product
417,4745,159,2024-04-22,Changed Mind
418,4749,165,2024-06-02,Quality Issue
419,4767,146,2024-08-20,Size Issue
420,4774,179,2025-08-28,Damaged Product
421,4830,52,2025-04-28,Quality Issue
422,4838,41,2024-04-30,Wrong Product
423,4908,129,2024-11-09,Quality Issue
424,4918,8,2024-09-15,Changed Mind
425,4925,115,2025-06-01,Changed Mind
426,4930,39,2024-04-22,Damaged Product
427,4931,76,2025-05-14,Size Issue
428,4932,110,2024-06-01,Damaged Product
429,4955,10,2025-07-01,Quality Issue
430,4969,59,2025-09-03,Wrong Product
431,4972,60,2025-03-22,Wrong Product
432,4981,74,2024-10-29,Changed Mind
433,4997,165,2024-06-18,Wrong Product
