Review_ID,Order_ID,Customer_ID,Product_ID,Rating,Review_Date
1,2687,182,85,5,2024-04-28
2,737,752,33,3,2025-04-21
3,4367,869,75,4,2024-02-22
4,1082,28,152,3,2024-01-03
5,569,712,118,5,2025-02-09
6,1312,213,35,2,2025-03-08
7,2859,607,127,2,2025-07-30
8,4104,117,165,2,2024-06-03
9,670,941,97,3,2025-08-04
10,2731,420,112,3,2024-07-26
11,1015,76,56,4,2025-03-12
12,3972,87,75,2,2024-05-01
13,2122,346,176,1,2025-08-01
14,2889,69,51,5,2025-01-03
15,3278,717,108,2,2024-07-04
16,421,247,168,4,2024-05-12
17,524,324,72,4,2024-05-19
18,1466,705,146,1,2025-03-18
19,4579,242,28,4,2025-04-19
20,2151,934,148,3,2024-10-07
21,3753,291,177,5,2025-10-25
22,3929,292,127,1,2025-01-07
23,4774,378,60,5,2025-05-24
24,963,438,27,2,2024-01-17
25,4551,233,131,2,2025-04-12
26,4683,879,90,3,2025-11-13
27,872,121,100,2,2025-04-28
28,153,51,186,3,2025-01-18
29,3174,567,64,1,2025-06-02
30,1583,699,62,5,2024-07-27
31,2453,560,112,1,2025-02-14
32,3229,158,111,5,2024-05-22
33,4097,519,74,5,2024-09-23
34,1307,731,157,5,2024-05-05
35,619,280,135,4,2024-02-22
36,2667,748,153,3,2025-08-15
37,4066,43,89,4,2025-05-14
38,3367,806,174,2,2025-08-20
39,4277,498,180,3,2024-05-18
40,699,88,112,4,2025-09-26
41,3228,580,167,1,2025-08-21
42,2075,181,119,1,2025-03-15
43,2790,396,46,2,2025-04-07
44,4893,762,33,5,2025-06-19
45,3628,128,42,1,2024-02-06
46,2950,42,144,3,2025-04-03
47,2313,953,45,2,2024-01-02
48,3191,855,75,2,2025-12-10
49,2896,706,129,5,2025-07-04
50,3896,532,74,5,2025-12-28
51,2444,970,199,2,2024-08-06
52,2294,743,148,5,2025-03-29
53,3827,981,83,5,2025-05-14
54,151,875,146,1,2025-07-28
55,4949,308,4,4,2025-05-02
56,1801,812,90,1,2024-03-11
57,359,122,122,3,2025-11-14
58,4927,105,134,2,2024-11-03
59,1175,452,196,2,2024-09-30
60,556,981,96,3,2024-09-11
61,2301,384,60,1,2024-02-15
62,3699,322,56,2,2025-09-27
63,2983,763,169,5,2024-08-10
64,3542,265,18,2,2024-04-06
65,196,797,195,1,2024-08-07
66,4135,288,37,4,2025-04-28
67,4038,88,63,3,2024-02-06
68,2728,945,124,1,2025-08-25
69,2009,847,34,2,2024-12-14
70,2483,41,192,3,2024-05-30
71,4359,371,67,4,2024-01-25
72,1916,37,2,5,2025-06-11
73,4012,610,13,2,2024-04-20
74,4519,696,119,5,2024-05-04
75,3093,383,168,5,2024-03-03
76,916,987,40,2,2024-10-12
77,713,512,199,2,2024-01-31
78,2681,542,126,4,2024-04-17
79,3423,295,35,3,2025-07-08
80,2045,41,49,5,2025-10-19
81,1412,606,20,2,2024-02-12
82,1023,807,166,3,2024-11-10
83,4034,12,94,3,2024-01-26
84,3916,947,5,5,2024-05-15
85,718,674,77,4,2025-10-14
86,4862,316,144,3,2025-12-03
87,3571,539,31,5,2025-07-11
88,1865,538,163,4,2025-06-14
89,1596,559,165,3,2025-07-21
90,4742,913,23,1,2025-09-01
91,4258,690,122,4,2024-10-13
92,1997,982,158,5,2025-07-18
93,638,447,137,3,2025-03-02
94,3138,737,121,4,2024-09-21
95,989,635,57,5,2024-06-08
96,3996,577,64,2,2024-07-13
97,4162,504,164,2,2025-07-04
98,2148,161,3,4,2024-09-17
99,4462,173,3,2,2024-12-08
100,4025,986,56,1,2024-11-06
101,2076,356,45,4,2024-10-12
102,2017,761,169,4,2024-04-05
103,1669,290,105,4,2024-10-26
104,3660,445,121,2,2025-01-31
105,3781,924,190,3,2025-07-11
106,4076,916,49,5,2024-11-01
107,3791,662,168,1,2025-02-21
108,795,447,154,4,2024-03-27
109,1328,77,200,2,2024-10-03
110,303,840,153,3,2024-01-27
111,3537,798,18,1,2024-03-12
112,4903,515,24,4,2025-11-15
113,3581,627,191,1,2024-04-12
114,2170,861,120,2,2025-10-14
115,3199,363,41,3,2025-12-21
116,1115,335,141,1,2025-07-21
117,1651,962,72,1,2024-04-13
118,2002,590,79,4,2024-02-24
119,2780,409,100,4,2025-02-10
120,276,595,139,2,2024-04-13
121,715,780,164,1,2025-08-21
122,1436,780,173,4,2025-09-17
123,976,485,39,2,2025-02-22
124,2112,746,178,2,2024-04-04
125,2334,414,122,4,2025-07-28
126,1739,877,13,3,2025-04-25
127,4769,190,155,2,2024-01-20
128,4411,792,34,2,2024-02-18
129,3905,585,63,4,2024-07-18
130,4847,667,188,1,2024-11-15
131,61,46,16,1,2024-02-05
132,4844,542,99,5,2024-05-13
133,3048,98,128,3,2024-09-20
134,64,840,53,2,2024-07-05
135,2145,6,20,5,2024-12-31
136,418,46,97,3,2024-01-05
137,1549,217,93,3,2025-03-22
138,3764,736,170,5,2025-12-19
139,4194,858,42,4,2024-10-19
140,3720,199,54,2,2025-08-09
141,1149,683,56,4,2024-05-06
142,3141,243,83,4,2024-06-26
143,2175,898,167,3,2025-04-13
144,2513,948,180,2,2025-05-18
145,1666,282,7,2,2024-03-10
146,2457,220,12,5,2025-07-22
147,1033,815,22,5,2025-05-17
148,3084,177,81,1,2025-03-20
149,4963,218,195,1,2024-11-12
150,4194,858,173,3,2025-02-02
151,1146,714,108,2,2024-01-18
152,1289,371,135,2,2025-03-29
153,1456,810,105,3,2024-10-21
154,2571,61,32,3,2025-05-01
155,1702,12,143,1,2025-08-13
156,2765,559,62,5,2024-03-19
157,4426,201,29,4,2025-11-27
158,3736,403,90,4,2024-07-23
159,3957,656,195,3,2025-12-16
160,2147,97,117,2,2025-10-03
161,626,884,22,1,2024-09-17
162,1598,616,70,2,2024-04-03
163,1321,456,106,1,2024-10-12
164,1072,771,191,1,2025-04-19
165,2101,838,103,5,2024-03-20
166,3536,633,22,2,2025-03-23
167,4342,449,184,4,2024-11-15
168,3412,713,159,5,2024-05-15
169,3064,136,81,5,2024-01-11
170,3464,713,109,4,2024-02-28
171,3495,547,68,2,2025-06-14
172,4028,841,30,2,2025-07-31
173,2686,935,197,3,2024-06-26
174,4545,932,192,4,2024-04-27
175,2901,592,96,2,2024-09-28
176,832,403,152,2,2024-10-31
177,2555,963,197,4,2024-02-28
178,4044,687,96,4,2025-11-14
179,1782,774,90,3,2025-11-12
180,4807,447,130,5,2024-05-16
181,905,188,20,2,2024-05-10
182,3315,774,80,3,2025-12-12
183,2030,691,187,4,2024-04-09
184,4119,373,97,4,2024-10-24
185,4000,514,35,1,2024-01-29
186,2577,455,78,3,2025-05-28
187,689,121,135,5,2025-01-03
188,969,402,101,2,2024-09-26
189,3132,144,146,1,2024-09-29
190,2041,296,10,2,2025-10-14
191,1008,580,39,3,2025-12-21
192,629,745,193,3,2025-03-15
193,1209,793,153,3,2025-02-22
194,866,413,29,4,2024-08-11
195,2977,985,117,5,2025-05-07
196,2576,127,8,1,2025-05-27
197,3293,215,94,1,2024-04-02
198,3587,858,110,2,2024-02-15
199,3407,688,90,4,2024-07-31
200,1442,281,134,2,2024-12-28
201,2694,628,11,4,2024-12-31
202,324,89,134,5,2025-09-19
203,663,243,74,4,2025-09-26
204,1665,805,130,3,2025-09-03
205,2126,983,153,4,2024-11-19
206,3419,501,107,4,2025-04-16
207,3901,285,142,3,2025-03-04
208,927,863,3,3,2025-01-22
209,1768,176,64,4,2025-05-22
210,1995,34,44,4,2025-02-10
211,1374,53,97,4,2024-09-18
212,4257,617,108,5,2024-04-05
213,4308,156,57,2,2024-11-05
214,2842,892,10,5,2024-04-15
215,620,487,15,4,2025-08-21
216,1596,559,150,3,2024-01-13
217,3498,552,173,2,2024-06-19
218,871,992,153,3,2024-05-25
219,2694,628,144,2,2024-04-23
220,1646,158,78,4,2025-12-19
221,819,726,85,3,2024-12-27
222,4053,825,102,2,2025-12-19
223,4218,604,174,2,2025-11-26
224,47,93,69,3,2024-10-20
225,459,352,188,2,2024-05-02
226,1924,121,65,3,2025-02-12
227,4774,378,48,1,2024-01-14
228,3288,130,123,1,2024-10-17
229,848,164,56,5,2025-06-10
230,3595,127,50,2,2024-11-18
231,166,869,78,5,2024-02-13
232,4143,919,67,1,2024-12-08
233,1061,842,183,5,2024-04-12
234,2290,354,160,5,2025-07-28
235,1815,364,54,2,2025-03-08
236,2680,383,64,3,2024-03-18
237,2059,650,170,3,2025-02-13
238,530,815,4,5,2024-02-28
239,501,655,190,3,2025-09-01
240,1774,922,89,1,2025-07-03
241,3654,334,170,2,2025-05-07
242,1930,185,171,4,2024-12-27
243,144,876,30,2,2025-09-26
244,197,26,8,4,2025-08-13
245,4105,700,104,1,2024-02-07
246,4058,273,109,3,2025-04-14
247,2646,848,21,5,2024-08-09
248,4750,767,50,3,2024-04-03
249,966,478,180,1,2025-07-09
250,3788,801,49,1,2025-05-24
251,3488,977,40,3,2024-02-06
252,3897,449,15,5,2024-12-05
253,1551,952,106,1,2025-11-04
254,2840,821,24,2,2024-11-27
255,2150,951,35,3,2025-01-16
256,3410,224,163,1,2024-08-02
257,16,905,119,4,2024-10-08
258,4210,118,134,1,2024-05-08
259,948,727,12,5,2024-11-01
260,4248,903,139,2,2024-06-01
261,4118,810,107,1,2025-11-12
262,3647,795,27,5,2024-12-06
263,4687,517,90,5,2024-11-25
264,454,24,100,1,2024-07-14
265,4412,784,141,1,2024-05-28
266,297,883,60,1,2025-01-03
267,3105,893,91,3,2025-08-10
268,1359,90,67,3,2025-08-11
269,1889,25,18,5,2025-01-12
270,3847,834,101,5,2024-06-26
271,4713,216,103,3,2024-03-12
272,2548,893,120,5,2025-12-12
273,913,276,82,4,2024-04-23
274,338,257,14,4,2025-02-04
275,1225,986,61,3,2024-11-26
276,1730,628,150,2,2025-01-23
277,831,323,32,1,2024-04-30
278,722,366,35,5,2024-03-29
279,3421,801,1,1,2025-10-23
280,216,134,109,4,2024-01-01
281,3800,813,129,2,2024-05-12
282,198,349,52,5,2024-02-15
283,472,353,152,2,2024-06-03
284,3132,144,93,3,2024-07-24
285,4918,340,59,5,2024-07-23
286,3140,770,72,4,2024-03-13
287,3626,542,18,3,2024-09-30
288,4693,996,191,5,2024-05-04
289,2707,504,89,4,2025-08-16
290,3505,226,169,2,2024-03-13
291,1754,272,43,4,2024-12-12
292,5000,515,123,1,2024-11-15
293,286,712,140,5,2024-05-03
294,2943,661,112,1,2024-04-11
295,279,484,166,3,2025-02-22
296,85,900,195,5,2025-05-25
297,2543,995,184,2,2025-01-23
298,3002,554,12,1,2024-05-01
299,3176,146,30,4,2024-08-28
300,1446,995,181,4,2024-01-15
301,1947,308,64,2,2024-05-05
302,874,975,182,3,2024-08-01
303,4152,272,16,5,2024-09-20
304,1831,580,149,3,2024-02-12
305,289,673,58,2,2025-01-06
306,1629,610,3,3,2025-10-04
307,3492,385,128,5,2025-09-05
308,2583,773,117,4,2025-04-17
309,3527,350,32,2,2024-03-31
310,4171,986,49,2,2025-11-11
311,3966,568,34,1,2024-06-04
312,4395,262,66,1,2024-07-26
313,2494,125,68,1,2024-07-08
314,4948,865,64,3,2024-07-21
315,3566,138,146,3,2025-12-26
316,1322,321,189,4,2025-01-23
317,1913,973,193,4,2024-05-11
318,1306,586,72,5,2024-04-23
319,3032,678,47,2,2025-12-12
320,2423,782,58,4,2024-07-01
321,1721,506,128,1,2024-12-08
322,4239,471,30,2,2025-08-29
323,3482,426,16,3,2024-09-21
324,28,842,35,1,2025-01-28
325,2906,98,160,1,2024-03-19
326,2951,236,81,3,2025-03-05
327,2526,553,36,1,2025-12-13
328,4254,523,151,2,2024-01-10
329,4858,155,7,3,2025-07-20
330,4090,279,1,3,2025-09-02
331,1347,102,195,5,2024-10-15
332,4063,560,41,3,2025-04-07
333,691,230,162,3,2024-08-13
334,1067,440,173,5,2024-07-23
335,3575,739,5,4,2024-03-04
336,62,160,37,1,2025-05-06
337,3395,418,164,3,2025-06-12
338,3908,25,111,1,2024-07-25
339,2909,797,165,2,2025-01-13
340,2496,325,2,2,2024-08-04
341,3161,415,178,2,2025-03-14
342,295,828,50,5,2024-10-08
343,2790,396,11,1,2025-03-29
344,4260,963,191,3,2024-04-23
345,1015,76,96,5,2024-01-31
346,2745,235,21,1,2025-04-04
347,3123,496,48,3,2025-01-30
348,3469,169,154,3,2025-07-02
349,4942,939,109,2,2024-12-10
350,4877,532,102,3,2024-09-24
351,762,759,1,5,2024-09-01
352,161,282,47,5,2025-03-12
353,4388,577,62,5,2025-01-19
354,207,320,67,1,2024-05-24
355,3034,312,108,2,2025-11-27
356,3956,416,88,3,2025-06-17
357,435,691,167,4,2025-09-16
358,1834,87,81,1,2024-12-12
359,1593,337,107,1,2025-05-05
360,4130,156,116,2,2024-02-12
361,4501,283,76,5,2024-03-04
362,4840,161,34,4,2024-05-10
363,3929,292,116,5,2024-09-13
364,592,138,143,5,2024-11-17
365,1130,432,37,4,2024-09-11
366,4398,863,114,4,2025-03-12
367,1505,883,103,4,2025-03-28
368,880,221,48,2,2024-04-10
369,1316,576,63,2,2025-09-08
370,3873,567,199,4,2024-07-01
371,932,216,154,5,2025-02-10
372,1292,99,133,2,2024-07-28
373,2260,512,58,5,2025-08-14
374,2789,966,112,4,2024-12-08
375,2125,814,178,3,2025-05-16
376,2867,691,127,1,2024-04-30
377,102,798,192,1,2024-07-04
378,384,627,144,1,2024-10-21
379,3885,585,61,2,2025-12-28
380,4075,239,117,3,2025-09-14
381,4226,77,60,2,2025-09-24
382,1443,979,85,2,2025-08-06
383,4153,127,45,3,2024-06-14
384,865,457,62,4,2024-06-23
385,2786,927,164,5,2024-06-01
386,2598,858,60,5,2025-06-07
387,263,369,47,1,2024-12-25
388,4873,703,79,4,2025-01-11
389,4626,946,86,5,2025-01-26
390,723,505,78,1,2024-10-27
391,1976,893,196,1,2024-06-28
392,1090,318,153,5,2025-11-04
393,3599,418,33,4,2024-10-15
394,4024,151,158,3,2025-04-16
395,4616,593,199,4,2024-01-20
396,4390,608,77,4,2024-10-14
397,1603,895,139,5,2024-03-21
398,2742,906,96,2,2024-09-02
399,3526,908,184,3,2025-05-26
400,3851,640,57,5,2024-06-11
401,4691,391,167,5,2025-08-26
402,3308,993,164,2,2024-10-01
403,2698,503,92,3,2024-05-13
404,2706,446,32,2,2024-11-28
405,2670,92,65,1,2025-02-19
406,4349,994,95,5,2025-06-13
407,1771,638,46,3,2024-08-08
408,1180,314,41,5,2024-09-10
409,1960,984,120,5,2024-08-16
410,309,985,27,5,2025-02-02
411,3640,303,176,1,2025-02-05
412,3412,713,156,2,2025-03-08
413,218,437,183,2,2025-07-09
414,2879,895,126,2,2024-08-23
415,1710,282,120,5,2024-04-22
416,1031,602,53,5,2024-05-20
417,1887,231,77,5,2024-10-29
418,4573,188,100,4,2025-12-16
419,954,285,184,5,2025-12-04
420,2995,193,42,4,2024-10-12
421,2768,933,80,3,2024-09-19
422,1468,837,23,3,2025-03-05
423,3961,177,185,1,2024-07-15
424,4385,226,73,1,2025-10-26
425,3520,553,188,5,2025-02-25
426,400,334,20,5,2025-01-29
427,2721,656,86,3,2025-08-19
428,3082,882,189,2,2025-05-01
429,877,313,152,5,2025-09-03
430,318,9,40,3,2025-06-12
431,4022,701,59,1,2025-10-08
432,1486,492,33,2,2025-09-12
433,2672,391,122,4,2024-10-28
434,4685,672,145,3,2024-10-18
435,4958,814,14,5,2024-05-13
436,2122,346,42,4,2025-05-22
437,1072,771,85,1,2025-08-02
438,4250,851,23,3,2025-09-10
439,1703,815,21,1,2025-10-11
440,1139,218,167,1,2025-09-30
441,437,376,3,5,2024-09-26
442,3618,586,179,1,2024-08-20
443,4326,520,64,4,2024-10-31
444,2941,92,8,3,2025-11-26
445,2891,507,167,4,2025-04-27
446,3318,428,136,2,2025-08-15
447,2158,874,47,1,2024-05-02
448,4774,378,129,5,2025-05-29
449,4273,848,71,3,2024-11-13
450,4255,468,199,1,2024-04-29
451,1073,334,8,3,2025-04-02
452,1636,455,164,1,2025-07-23
453,4394,379,164,2,2024-07-22
454,3651,996,170,1,2025-12-01
455,2372,144,132,5,2025-01-21
456,3989,413,24,1,2025-04-28
457,3915,213,7,2,2024-12-27
458,3674,2,113,5,2025-07-13
459,4214,303,197,2,2025-11-30
460,1180,314,114,5,2024-09-21
461,2709,806,125,3,2024-06-23
462,2690,958,116,4,2024-04-30
463,2169,969,103,5,2024-01-30
464,540,436,41,3,2025-01-04
465,3561,884,179,3,2025-09-18
466,2320,379,121,1,2024-06-28
467,2922,795,92,5,2025-09-14
468,438,69,56,5,2025-01-16
469,488,90,148,1,2024-06-14
470,2070,897,46,1,2025-10-13
471,852,382,155,4,2024-11-09
472,3853,269,86,3,2025-03-30
473,1558,418,66,3,2025-03-09
474,4800,510,94,2,2025-02-04
475,2383,602,33,3,2024-05-07
476,1526,596,96,5,2024-08-10
477,4888,789,189,4,2024-01-25
478,1332,645,154,3,2025-04-14
479,3377,999,88,1,2025-12-27
480,4968,454,43,2,2024-07-16
481,3801,216,185,4,2024-05-06
482,1408,885,189,2,2025-01-06
483,935,679,196,1,2025-01-20
484,3726,327,93,5,2024-07-08
485,2866,921,188,1,2024-05-20
486,511,123,137,1,2024-08-12
487,1386,527,184,3,2025-06-10
488,329,709,150,1,2024-09-03
489,3656,533,151,5,2025-10-06
490,965,417,7,4,2025-09-26
491,2484,71,149,3,2024-03-25
492,1413,124,109,5,2025-11-29
493,525,715,21,4,2025-10-11
494,1338,113,77,2,2025-12-20
495,2295,768,61,3,2025-01-18
496,4202,116,85,2,2024-09-27
497,4360,418,3,1,2025-01-09
498,1215,829,15,3,2025-06-02
499,2400,42,60,5,2025-04-22
500,241,588,123,2,2024-08-26
501,3232,283,150,3,2025-09-01
502,2788,676,95,1,2025-08-04
503,149,571,118,5,2025-06-09
504,2691,320,170,5,2024-11-17
505,1680,549,97,3,2024-06-09
506,2771,369,84,2,2025-09-06
507,3560,387,108,2,2025-09-18
508,4815,628,31,4,2025-05-09
509,4030,165,165,1,2024-07-05
510,827,234,98,3,2025-10-07
511,4381,251,161,5,2025-07-18
512,24,459,86,3,2024-12-29
513,3147,625,114,5,2024-11-23
514,647,849,111,3,2024-10-18
515,3662,368,26,2,2024-06-10
516,2651,841,7,1,2024-11-25
517,3850,147,2,3,2025-05-29
518,886,684,180,4,2024-07-01
519,4453,404,119,5,2024-04-23
520,1051,184,28,2,2025-09-06
521,3459,912,159,5,2025-11-03
522,43,537,72,5,2025-02-15
523,2667,748,84,4,2024-09-01
524,3883,120,178,2,2025-10-29
525,3419,501,142,3,2025-11-23
526,428,893,165,2,2025-04-11
527,2258,514,198,1,2025-10-09
528,206,764,99,4,2024-08-08
529,4552,359,1,2,2024-07-30
530,3173,938,31,1,2024-01-04
531,2443,739,191,1,2025-03-27
532,1307,731,192,1,2025-09-15
533,4542,590,107,3,2024-12-30
534,2424,313,148,4,2025-03-16
535,4435,202,72,2,2024-05-15
536,2963,211,5,5,2025-01-18
537,1085,59,5,1,2025-02-06
538,2143,850,189,4,2024-05-09
539,2127,726,99,1,2024-12-22
540,4848,741,48,4,2025-10-12
541,796,197,174,4,2024-10-03
542,1562,475,199,5,2025-01-20
543,3071,520,109,2,2025-05-23
544,4226,77,164,3,2025-05-18
545,3969,100,176,1,2024-08-30
546,1029,712,119,1,2024-08-05
547,2468,526,55,4,2025-02-06
548,1661,752,148,2,2025-06-12
549,328,655,93,4,2025-11-14
550,2134,561,2,1,2024-05-10
551,4209,535,193,4,2025-10-03
552,54,754,29,5,2025-04-10
553,1445,507,51,1,2025-11-28
554,3636,587,141,4,2024-12-07
555,2904,243,28,5,2024-09-21
556,3962,109,51,1,2024-12-07
557,1176,444,117,2,2024-03-09
558,2286,115,17,5,2025-10-03
559,2294,743,108,5,2025-02-20
560,4155,371,9,3,2025-07-13
561,1561,39,96,3,2024-07-05
562,1862,741,21,2,2025-06-03
563,1188,128,15,5,2025-10-16
564,773,634,111,4,2025-02-03
565,1566,624,199,1,2025-04-01
566,1965,276,94,2,2025-04-18
567,4626,946,114,3,2025-03-03
568,96,1000,138,1,2024-01-11
569,2948,523,70,2,2024-10-28
570,4645,896,110,1,2024-01-01
571,873,34,194,3,2025-07-28
572,1013,753,74,5,2024-06-25
573,111,228,111,5,2025-04-06
574,1296,407,18,1,2024-08-29
575,2578,336,190,3,2024-03-31
576,4710,490,69,4,2024-03-29
577,4860,175,125,5,2025-08-25
578,614,373,116,3,2025-11-18
579,2083,225,15,5,2025-03-31
580,2171,712,81,3,2024-12-12
581,1846,518,71,1,2024-01-21
582,4802,755,78,5,2025-05-03
583,679,703,149,1,2025-03-13
584,1650,849,171,3,2025-11-07
585,2470,786,190,3,2024-02-21
586,1309,550,195,4,2025-11-06
587,4779,251,76,1,2025-10-17
588,2149,905,89,2,2025-11-27
589,312,879,181,3,2024-08-22
590,3474,678,61,3,2025-03-04
591,1593,337,172,1,2024-04-09
592,4478,231,104,3,2024-12-02
593,1148,651,91,3,2024-07-05
594,1066,349,158,3,2025-10-06
595,2796,897,13,1,2024-05-20
596,4836,987,85,4,2025-07-27
597,4233,629,115,2,2024-02-25
598,4519,696,177,1,2025-01-05
599,1902,70,99,5,2024-03-06
600,2056,323,50,1,2024-08-22
601,616,272,128,1,2025-06-10
602,2153,575,66,2,2025-08-31
603,1853,717,20,3,2024-07-14
604,3111,896,105,1,2024-03-17
605,1177,391,36,4,2025-10-14
606,491,734,77,5,2024-11-27
607,958,131,60,1,2024-12-26
608,637,318,76,2,2024-05-30
609,1824,453,83,2,2024-09-26
610,1622,591,10,3,2024-02-26
611,4567,146,53,5,2025-08-01
612,2336,182,149,4,2024-01-30
613,332,265,77,4,2024-03-17
614,2448,379,198,2,2025-05-14
615,1227,699,51,4,2025-01-27
616,1659,633,124,4,2024-01-13
617,3109,546,38,5,2024-03-04
618,3445,644,191,4,2024-01-11
619,4689,811,6,4,2024-02-24
620,645,860,156,3,2024-03-02
621,4582,910,54,4,2024-10-23
622,720,482,128,1,2024-12-29
623,1463,225,41,1,2024-03-31
624,450,469,98,5,2024-08-22
625,3939,235,34,2,2025-07-18
626,4867,24,9,3,2024-01-23
627,4755,392,163,1,2025-11-06
628,3628,128,5,3,2024-10-14
629,668,281,28,1,2025-04-10
630,1364,435,170,5,2024-01-21
631,3180,804,69,3,2024-07-25
632,3623,568,181,5,2025-08-01
633,2999,49,149,2,2024-11-24
634,4926,295,53,2,2024-04-13
635,369,437,112,4,2024-07-13
636,4668,626,82,2,2024-10-24
637,249,545,66,4,2024-04-21
638,3451,17,149,3,2025-11-16
639,4021,924,114,3,2024-06-09
640,4046,731,4,2,2024-10-24
641,2796,897,200,1,2024-03-09
642,3519,559,147,2,2024-09-23
643,1461,419,188,1,2024-10-27
644,3881,585,85,5,2024-04-16
645,2829,949,7,2,2025-02-28
646,4905,425,93,5,2025-08-02
647,3072,166,94,2,2025-01-28
648,3052,948,169,3,2025-07-06
649,2705,203,178,2,2024-12-01
650,1280,562,94,2,2025-04-28
651,3432,149,76,2,2025-07-03
652,3951,923,174,2,2025-10-27
653,3242,562,44,5,2025-02-23
654,2115,458,121,5,2025-07-13
655,2467,572,110,3,2025-02-21
656,353,907,183,1,2025-02-23
657,3542,265,151,5,2024-10-01
658,4059,67,121,3,2025-02-19
659,781,23,86,5,2025-10-06
660,3441,336,95,3,2025-03-25
661,1759,413,78,1,2025-09-13
662,2407,86,168,2,2024-03-23
663,3173,938,128,5,2025-01-18
664,2841,10,117,4,2025-08-04
665,115,43,75,5,2025-03-15
666,4283,772,40,3,2025-08-01
667,2510,425,13,1,2024-07-03
668,2240,204,39,2,2025-08-31
669,3254,307,120,3,2024-09-19
670,3069,69,53,5,2024-09-18
671,4500,945,198,5,2024-08-10
672,462,581,32,1,2025-04-19
673,203,955,44,5,2024-11-12
674,2705,203,99,3,2025-04-10
675,734,465,74,5,2024-09-25
676,2195,686,130,3,2025-09-02
677,2389,809,163,1,2024-06-21
678,1939,56,106,2,2024-02-29
679,3396,280,172,4,2025-04-30
680,4071,850,152,1,2024-11-13
681,3145,629,15,4,2024-12-03
682,2998,501,62,1,2025-10-31
683,700,332,108,2,2025-07-23
684,2490,875,143,4,2024-01-14
685,4426,201,151,1,2024-03-19
686,4072,743,129,5,2024-09-12
687,1246,690,118,4,2025-02-22
688,2138,145,132,5,2024-03-09
689,1356,188,97,1,2025-06-06
690,2527,99,4,1,2025-07-13
691,4136,933,169,5,2025-07-06
692,3630,842,149,1,2025-12-12
693,2793,203,172,2,2025-04-29
694,2456,322,114,5,2024-02-26
695,665,959,176,1,2024-04-23
696,118,657,24,1,2024-10-18
697,2710,541,39,4,2024-01-04
698,3598,859,28,5,2025-11-01
699,4644,254,2,3,2024-10-10
700,495,823,58,3,2024-09-18
701,3455,1000,143,3,2024-08-23
702,1292,99,96,2,2024-12-23
703,4657,546,65,4,2025-04-26
704,3461,825,72,2,2024-04-01
705,1165,453,176,1,2025-07-30
706,4023,610,178,3,2024-03-18
707,2450,751,112,1,2024-01-08
708,2176,956,73,5,2024-10-06
709,1641,661,196,3,2025-12-03
710,30,159,108,2,2025-02-15
711,4915,626,173,3,2025-06-21
712,1068,461,23,2,2024-03-13
713,3611,57,146,4,2024-12-15
714,4730,694,20,3,2024-03-31
715,142,921,41,3,2025-03-20
716,120,252,176,2,2025-11-27
717,2017,761,47,1,2024-01-01
718,2849,82,190,1,2025-06-29
719,4443,968,16,5,2025-07-09
720,2086,641,114,5,2025-10-30
721,2326,622,199,4,2025-10-19
722,3582,336,56,4,2024-11-01
723,422,710,30,1,2024-11-11
724,1205,898,64,2,2025-04-13
725,1797,401,54,4,2024-06-18
726,57,434,35,2,2024-07-02
727,4855,659,132,5,2025-01-12
728,4614,392,163,3,2025-03-15
729,4859,713,170,5,2025-12-02
730,1860,667,169,2,2024-03-21
731,3141,243,106,3,2025-07-31
732,4181,939,184,2,2024-12-29
733,3745,560,172,3,2025-07-03
734,774,987,125,5,2024-03-14
735,164,542,131,1,2025-05-19
736,2918,386,126,2,2024-05-26
737,4720,940,85,4,2025-03-02
738,458,533,154,1,2025-08-28
739,1925,352,23,5,2024-02-11
740,4293,588,128,2,2025-04-03
741,897,959,155,4,2025-04-07
742,1169,81,142,2,2024-03-31
743,3944,27,112,1,2024-01-10
744,4620,279,87,2,2024-11-22
745,2722,391,93,2,2025-04-10
746,454,24,48,3,2025-08-17
747,3737,796,69,2,2024-08-01
748,577,524,62,3,2025-07-10
749,331,392,187,3,2024-04-27
750,971,707,63,3,2025-11-14
751,1793,199,109,1,2025-10-02
752,640,265,187,3,2025-08-11
753,2537,872,1,3,2024-02-10
754,2897,485,85,1,2025-05-21
755,815,986,192,3,2025-03-17
756,2804,576,80,4,2024-05-17
757,2977,985,97,2,2025-08-24
758,1942,760,137,4,2025-09-29
759,4617,128,136,5,2025-07-03
760,235,605,136,1,2024-04-16
761,40,445,55,5,2025-05-31
762,49,488,199,2,2024-04-08
763,746,368,125,1,2025-03-25
764,611,501,26,4,2025-11-29
765,4631,757,46,1,2024-11-27
766,3280,873,162,5,2025-01-07
767,1326,617,120,3,2025-07-02
768,4867,24,17,4,2024-02-16
769,3141,243,180,3,2024-05-27
770,994,522,46,3,2024-08-16
771,647,849,164,4,2025-04-24
772,1153,919,187,4,2025-08-30
773,2292,79,139,4,2025-05-04
774,272,592,145,2,2024-05-14
775,1988,919,143,3,2024-10-04
776,3312,627,138,5,2025-02-05
777,2547,914,125,4,2024-01-31
778,2742,906,170,4,2024-01-08
779,2355,699,103,2,2025-07-14
780,4993,881,145,4,2024-08-07
781,4585,585,7,4,2024-05-10
782,4331,380,130,2,2025-07-17
783,2439,438,130,1,2025-01-04
784,648,906,148,4,2024-04-29
785,2144,184,174,2,2024-04-28
786,1816,433,113,4,2025-03-22
787,13,971,16,2,2025-09-09
788,3135,131,133,4,2025-11-19
789,1183,195,9,4,2025-06-18
790,3825,816,190,2,2025-05-04
791,4715,789,186,2,2024-09-28
792,572,414,26,2,2025-06-20
793,4728,52,143,5,2024-03-01
794,4701,945,34,3,2024-06-23
795,464,296,25,4,2025-07-09
796,3710,886,79,3,2025-12-03
797,3523,44,8,3,2024-10-24
798,1913,973,95,4,2024-01-04
799,292,288,16,4,2025-06-02
800,2702,540,24,5,2025-08-11
801,2784,315,171,3,2025-06-02
802,2437,722,97,5,2025-09-15
803,288,485,199,2,2024-05-29
804,1516,711,154,1,2025-09-30
805,4797,317,72,1,2025-11-18
806,192,727,161,2,2024-07-12
807,4633,113,70,1,2024-10-11
808,3422,297,200,3,2024-05-09
809,1495,733,105,1,2025-05-04
810,3102,940,143,5,2024-11-29
811,4437,237,157,2,2024-11-02
812,4007,392,92,5,2024-12-20
813,4565,454,68,4,2024-09-14
814,1102,394,173,3,2024-01-15
815,2048,534,58,3,2024-11-15
816,3631,579,84,4,2024-06-21
817,1788,277,184,3,2024-01-26
818,800,983,45,3,2025-12-02
819,2160,215,72,3,2024-04-08
820,3367,806,127,4,2024-08-08
821,54,754,90,1,2025-03-10
822,3642,255,81,4,2024-10-21
823,396,30,194,1,2025-05-13
824,610,400,76,1,2024-02-24
825,1576,73,26,1,2024-08-14
826,1128,791,164,2,2025-03-27
827,586,556,100,5,2024-01-17
828,999,555,89,3,2025-03-27
829,3679,343,123,3,2024-05-08
830,4930,970,39,1,2024-05-15
831,4997,779,165,1,2025-03-11
832,1670,507,197,4,2024-01-22
833,3127,957,99,3,2025-11-21
834,3513,705,62,5,2024-01-27
835,1142,786,127,5,2024-11-29
836,3654,334,43,4,2025-08-30
837,1779,254,101,1,2024-05-14
838,3459,912,102,5,2025-11-13
839,3820,773,80,5,2024-04-09
840,3863,105,171,4,2024-02-23
841,1880,774,195,5,2025-06-03
842,76,889,145,5,2024-01-12
843,2319,86,199,4,2024-05-24
844,1984,243,60,3,2024-06-02
845,3478,705,5,1,2025-05-03
846,1096,583,107,3,2024-08-28
847,2770,942,146,1,2025-07-28
848,1922,387,15,4,2025-04-18
849,1542,843,117,2,2024-06-04
850,2597,800,103,4,2025-09-04
851,3099,576,16,4,2025-02-04
852,763,187,17,4,2024-08-19
853,3741,143,8,3,2025-09-26
854,3482,426,129,3,2025-06-18
855,3117,705,167,4,2024-03-04
856,2989,408,126,1,2024-11-28
857,4616,593,165,1,2024-02-15
858,2726,412,148,5,2025-01-15
859,4026,516,164,5,2024-11-26
860,624,528,50,3,2025-08-12
861,3765,591,125,1,2025-12-29
862,1852,674,19,3,2025-12-07
863,4396,712,116,4,2024-12-24
864,1196,620,158,1,2025-03-23
865,4428,37,19,4,2025-08-21
866,3368,550,111,2,2024-04-23
867,2119,145,147,2,2025-03-27
868,3888,737,67,1,2025-09-09
869,4679,87,20,3,2024-05-25
870,3583,513,45,4,2024-04-04
871,4240,444,28,4,2024-05-05
872,861,336,162,5,2025-03-05
873,4834,496,151,4,2024-03-02
874,4541,739,58,5,2025-03-16
875,2126,983,83,5,2024-09-03
876,3361,681,175,4,2024-05-23
877,3192,474,71,1,2024-03-10
878,2976,311,145,4,2024-09-18
879,4530,675,14,5,2025-10-29
880,381,147,178,3,2024-09-22
881,3269,941,12,4,2024-03-21
882,2699,61,165,2,2024-08-12
883,2480,915,50,2,2025-11-12
884,478,486,159,3,2025-07-21
885,1149,683,112,1,2025-12-18
886,2235,308,160,5,2025-12-22
887,623,205,70,4,2024-08-01
888,3077,151,199,3,2025-07-21
889,35,333,49,1,2024-08-21
890,3456,227,45,1,2024-02-06
891,452,283,149,3,2025-11-27
892,158,331,80,2,2025-01-28
893,1112,473,114,2,2025-01-15
894,117,761,133,4,2025-08-03
895,4347,237,8,1,2025-11-15
896,12,539,79,3,2024-09-08
897,2656,724,78,5,2025-11-23
898,2643,816,109,2,2024-01-08
899,4916,141,109,3,2025-07-23
900,3092,29,128,1,2025-07-05
901,3321,837,37,4,2025-12-10
902,2378,880,42,4,2024-06-18
903,1487,315,23,3,2024-01-04
904,4969,408,126,3,2025-03-14
905,1894,853,147,4,2024-04-04
906,1419,312,88,1,2024-03-06
907,852,382,64,1,2025-03-21
908,2997,856,53,1,2025-08-09
909,314,401,25,3,2025-06-03
910,199,318,163,1,2025-01-19
911,2119,145,9,1,2025-06-25
912,3883,120,190,5,2024-07-26
913,4217,666,104,2,2025-08-10
914,1158,337,51,5,2025-03-17
915,3768,699,8,3,2024-07-16
916,4762,629,102,4,2025-01-29
917,3894,39,95,1,2024-11-02
918,2795,956,182,3,2024-01-18
919,3961,177,151,1,2025-07-20
920,4921,923,17,1,2025-07-28
921,3167,742,55,4,2025-07-26
922,2404,596,57,3,2024-02-28
923,4991,859,111,2,2025-04-20
924,2969,882,199,3,2025-12-31
925,4414,159,87,2,2025-01-29
926,4995,938,151,1,2024-06-30
927,4959,202,27,3,2024-03-08
928,1286,168,175,3,2024-06-19
929,3147,625,13,4,2024-04-09
930,2869,695,122,5,2025-09-09
931,4721,167,93,1,2024-05-13
932,3795,644,116,3,2024-03-05
933,821,343,101,3,2024-06-12
934,3550,249,176,1,2024-06-08
935,1063,234,198,1,2025-10-30
936,3402,911,107,5,2024-09-02
937,1067,440,36,2,2025-07-13
938,651,958,82,4,2024-07-30
939,2990,510,67,1,2024-02-16
940,4591,785,92,4,2024-02-09
941,2377,712,174,2,2025-10-27
942,3779,758,182,2,2025-06-01
943,1409,841,93,5,2025-03-30
944,1618,993,148,5,2025-12-11
945,603,678,104,3,2025-04-17
946,2534,533,76,2,2025-04-24
947,2557,697,76,4,2025-01-11
948,4589,676,188,4,2025-12-07
949,4001,851,180,3,2025-10-20
950,4908,941,129,1,2024-01-23
951,3015,558,92,5,2025-08-27
952,1179,567,45,3,2025-01-13
953,1893,933,10,2,2024-02-02
954,266,907,195,4,2024-05-09
955,847,320,16,3,2025-09-15
956,2975,878,186,3,2024-01-07
957,3819,333,62,2,2025-05-22
958,4526,115,102,4,2024-09-25
959,625,185,52,5,2024-11-02
960,2738,336,52,1,2024-07-16
961,961,710,190,2,2024-01-24
962,590,182,39,5,2025-06-08
963,1964,405,117,3,2024-11-23
964,2345,616,24,3,2024-06-08
965,1492,230,19,2,2025-01-18
966,4940,515,194,3,2024-10-24
967,2271,311,24,5,2025-12-24
968,2037,968,156,3,2024-05-08
969,2032,287,71,2,2025-06-05
970,1879,108,99,3,2024-03-13
971,1117,249,160,3,2024-04-03
972,3489,857,191,2,2025-02-05
973,4133,411,86,2,2024-05-31
974,296,242,34,3,2024-11-18
975,1987,622,29,5,2025-03-17
976,130,465,49,1,2024-08-28
977,3982,210,147,2,2024-07-13
978,2507,132,143,2,2024-01-12
979,4032,950,125,3,2025-03-13
980,4052,954,95,1,2025-10-05
981,4967,391,119,2,2024-04-20
982,2755,739,151,1,2024-05-06
983,2368,470,175,2,2025-05-19
984,3777,835,79,2,2024-07-30
985,3029,124,50,4,2025-04-25
986,1663,920,90,5,2024-02-25
987,3332,559,179,5,2024-07-03
988,3241,382,94,1,2024-08-04
989,4450,571,53,3,2025-10-09
990,4937,186,115,2,2024-06-04
991,3193,113,60,1,2024-04-30
992,4365,513,70,1,2024-04-16
993,4007,392,37,5,2025-08-22
994,1437,45,132,1,2025-08-09
995,1812,731,18,5,2024-08-09
996,3128,564,92,1,2025-06-03
997,3092,29,119,4,2025-08-21
998,438,69,96,5,2024-08-06
999,219,913,63,2,2024-07-30
1000,413,535,116,1,2025-09-07
1001,2724,938,170,1,2024-07-11
1002,34,940,68,5,2025-10-26
1003,1601,259,196,5,2024-03-25
1004,397,917,164,5,2025-07-29
1005,1422,54,1,4,2024-01-22
1006,2725,847,197,2,2024-01-19
1007,114,909,1,5,2024-06-05
1008,1917,359,170,5,2025-07-31
1009,2664,7,51,4,2025-11-03
1010,3524,520,65,5,2025-10-13
1011,4317,455,197,1,2025-07-12
1012,486,786,126,1,2024-09-29
1013,1462,59,192,2,2024-07-27
1014,663,243,121,3,2025-10-21
1015,2369,776,6,5,2025-03-07
1016,4538,931,83,2,2025-07-09
1017,4278,837,55,2,2025-01-13
1018,2681,542,3,5,2025-07-28
1019,2181,45,85,1,2025-01-06
1020,1107,781,123,5,2025-06-21
1021,59,313,26,4,2025-05-12
1022,3251,255,4,5,2025-03-22
1023,3501,348,6,5,2024-02-07
1024,2654,176,137,4,2025-02-21
1025,3685,643,82,5,2025-05-21
1026,4663,646,126,5,2024-02-22
1027,1425,504,109,2,2024-10-13
1028,323,654,92,3,2025-03-04
1029,989,635,81,3,2024-10-06
1030,611,501,98,2,2024-07-23
1031,2438,263,181,3,2025-08-11
1032,4329,56,125,5,2025-10-10
1033,4301,319,62,4,2024-10-05
1034,67,217,10,5,2024-10-06
1035,816,625,27,1,2025-12-08
1036,623,205,101,5,2024-07-09
1037,84,514,105,4,2024-01-30
1038,899,860,89,2,2025-08-13
1039,3639,875,109,1,2025-05-11
1040,4854,608,158,3,2024-09-18
1041,1356,188,171,2,2024-06-05
1042,4945,483,119,3,2025-07-21
1043,2256,601,23,5,2025-07-19
1044,4416,904,34,1,2024-04-02
1045,933,326,150,3,2025-04-19
1046,4276,907,93,4,2025-07-07
1047,2148,161,137,5,2025-07-17
1048,1628,470,102,2,2025-02-15
1049,4196,239,159,2,2025-10-24
1050,428,893,145,5,2024-04-20
1051,1597,219,195,3,2025-09-29
1052,2782,200,134,4,2024-12-31
1053,109,168,11,5,2025-01-19
1054,224,833,35,4,2025-11-24
1055,1425,504,45,5,2024-04-19
1056,4522,421,46,3,2024-02-25
1057,514,644,15,2,2024-10-04
1058,931,743,85,5,2024-09-15
1059,2677,649,41,3,2024-10-10
1060,1773,698,118,3,2024-09-04
1061,2109,96,70,4,2025-04-10
1062,4763,701,15,5,2024-07-11
1063,1624,889,125,2,2025-03-02
1064,4837,466,195,2,2024-08-11
1065,1950,211,7,3,2024-12-18
1066,2641,532,76,4,2024-02-29
1067,3150,870,12,5,2025-11-16
1068,2930,445,88,1,2024-03-14
1069,1187,73,24,4,2025-01-02
1070,2216,647,109,5,2025-01-21
1071,2704,290,137,4,2024-03-29
1072,3158,148,67,3,2024-11-09
1073,4986,728,134,4,2025-02-02
1074,3252,715,64,3,2025-06-15
1075,4748,783,78,3,2025-08-22
1076,3477,780,79,1,2025-06-21
1077,4173,624,72,5,2025-12-30
1078,1003,856,37,3,2025-04-26
1079,2600,111,134,1,2024-02-20
1080,1900,339,42,4,2024-02-14
1081,4291,16,142,4,2024-04-29
1082,4842,521,97,1,2024-09-19
1083,1952,555,86,1,2024-06-29
1084,3475,33,142,2,2025-11-05
1085,2957,263,65,2,2025-10-17
1086,2528,873,195,3,2025-08-26
1087,733,84,25,4,2024-01-12
1088,1478,661,123,4,2024-12-25
1089,3657,776,182,5,2024-12-08
1090,2281,911,119,3,2024-06-26
1091,4290,73,150,2,2025-08-24
1092,51,445,167,3,2024-01-24
1093,1076,936,82,5,2025-11-18
1094,731,698,125,3,2024-10-22
1095,1190,770,61,2,2025-03-21
1096,1611,741,108,1,2024-10-04
1097,4914,130,103,5,2025-06-10
1098,2425,702,158,3,2025-06-30
1099,1506,152,72,4,2024-03-08
1100,2380,599,11,5,2024-04-21
1101,3816,540,127,4,2024-10-18
1102,810,124,149,3,2025-03-26
1103,3855,170,144,3,2025-03-27
1104,1531,972,102,4,2025-06-19
1105,3104,482,79,2,2025-03-18
1106,4168,174,20,2,2025-03-20
1107,22,559,193,5,2025-12-15
1108,4602,545,69,1,2025-10-12
1109,2461,421,57,1,2025-06-03
1110,1320,969,194,5,2025-11-05
1111,110,783,147,4,2024-08-27
1112,4180,354,6,1,2024-08-14
1113,3020,536,22,4,2024-12-29
1114,3612,408,145,5,2025-12-17
1115,808,848,107,1,2025-04-21
1116,498,213,62,4,2024-10-08
1117,1155,141,16,4,2025-03-24
1118,4218,604,54,3,2024-08-08
1119,3597,237,93,2,2024-10-31
1120,3661,870,180,1,2025-08-03
1121,2881,15,95,4,2024-02-24
1122,3449,366,133,3,2024-12-12
1123,926,860,199,3,2024-01-31
1124,863,729,156,1,2025-12-12
1125,4757,208,199,2,2024-07-30
1126,2489,385,38,2,2024-10-24
1127,997,599,51,2,2024-04-01
1128,19,361,21,4,2024-05-17
1129,2856,717,72,4,2025-12-17
1130,1991,934,112,3,2025-09-29
1131,1428,830,63,4,2025-12-13
1132,3898,758,193,2,2024-04-08
1133,3889,917,186,5,2025-06-02
1134,4650,265,166,3,2024-08-28
1135,964,54,110,3,2024-01-21
1136,4181,939,61,2,2025-02-04
1137,4463,855,64,1,2025-11-25
1138,306,723,96,1,2024-05-05
1139,3943,266,18,3,2025-06-17
1140,267,140,103,3,2024-06-04
1141,4351,357,93,4,2024-07-31
1142,3751,621,123,2,2024-08-01
1143,1309,550,24,1,2024-02-17
1144,4260,963,33,4,2025-12-20
1145,2710,541,184,5,2025-12-24
1146,3691,141,148,3,2025-04-25
1147,1499,620,152,4,2025-06-10
1148,4179,294,63,5,2024-10-15
1149,2264,982,78,4,2024-05-24
1150,3592,697,99,1,2025-01-15
1151,3184,184,8,3,2024-05-17
1152,4064,588,114,1,2025-12-14
1153,2866,921,136,1,2024-04-02
1154,1368,764,182,5,2025-03-05
1155,1639,201,177,4,2025-06-06
1156,2304,47,103,2,2025-04-26
1157,3468,958,88,2,2025-02-12
1158,2617,878,4,2,2024-11-06
1159,1164,623,25,1,2024-03-22
1160,1159,806,37,5,2025-07-12
1161,325,783,139,1,2024-10-16
1162,3994,671,196,5,2025-03-24
1163,358,58,155,4,2024-09-19
1164,3018,343,117,1,2025-07-16
1165,2861,845,26,1,2025-05-30
1166,3795,644,148,2,2025-04-19
1167,1026,819,104,1,2025-10-24
1168,4391,405,195,3,2024-04-15
1169,4151,359,124,2,2024-04-22
1170,298,991,157,5,2024-10-04
1171,3253,761,150,5,2024-06-22
1172,2265,699,148,5,2025-07-27
1173,4342,449,18,2,2025-04-23
1174,3178,534,149,4,2025-12-16
1175,1353,582,2,2,2024-10-03
1176,3448,251,192,2,2025-09-02
1177,523,614,41,3,2025-03-18
1178,3238,806,24,2,2025-01-15
1179,1799,533,105,4,2024-04-16
1180,1031,602,124,5,2025-12-10
1181,1739,877,58,5,2025-02-15
1182,4271,225,138,5,2024-07-20
1183,1609,935,200,3,2024-10-13
1184,1415,205,119,4,2024-08-24
1185,244,72,156,4,2024-10-19
1186,4070,65,186,3,2025-04-16
1187,1087,114,167,1,2024-11-14
1188,245,611,152,4,2024-07-08
1189,4497,611,192,4,2024-09-27
1190,4197,613,40,4,2025-09-01
1191,4988,607,104,2,2024-05-06
1192,2749,516,175,5,2025-07-06
1193,3504,859,46,1,2025-03-28
1194,4547,631,41,1,2024-05-11
1195,3650,656,4,2,2024-07-13
1196,4797,317,174,4,2025-03-29
1197,2936,963,41,5,2024-04-15
1198,352,646,173,2,2024-04-20
1199,3823,915,79,3,2024-12-29
1200,874,975,17,3,2024-06-12
1201,1607,358,63,2,2025-03-25
1202,3311,911,152,2,2025-08-26
1203,325,783,44,5,2025-04-07
1204,3591,930,155,4,2025-11-10
1205,1526,596,135,1,2024-10-04
1206,1465,797,39,1,2024-09-13
1207,1843,206,106,3,2025-07-07
1208,3282,314,115,5,2025-02-27
1209,2167,364,63,1,2024-08-09
1210,3606,797,71,4,2024-10-03
1211,289,673,45,2,2024-06-03
1212,3490,621,44,2,2025-01-11
1213,4472,742,128,5,2024-02-03
1214,541,794,194,4,2024-09-05
1215,35,333,172,2,2025-06-01
1216,1806,16,58,4,2025-04-07
1217,3971,111,155,3,2024-12-13
1218,2041,296,79,3,2025-05-28
1219,288,485,77,3,2024-02-08
1220,2997,856,62,1,2024-10-16
1221,4678,713,76,2,2024-03-10
1222,158,331,39,1,2025-12-02
1223,3342,463,2,5,2025-08-13
1224,3787,712,196,4,2025-08-27
1225,530,815,60,5,2025-06-14
1226,470,267,148,3,2025-04-15
1227,1717,822,153,4,2025-12-28
1228,946,380,32,1,2024-03-11
1229,2191,756,111,5,2025-02-19
1230,2610,747,110,4,2025-11-06
1231,2530,85,197,4,2025-12-04
1232,2537,872,134,4,2025-08-09
1233,259,605,96,2,2025-08-18
1234,1643,275,145,5,2024-07-10
1235,2089,722,14,4,2025-07-04
1236,4564,799,122,2,2025-02-01
1237,147,82,15,1,2025-12-21
1238,2435,419,9,4,2025-08-18
1239,815,986,40,5,2025-09-03
1240,427,896,133,1,2025-08-03
1241,636,197,198,4,2025-11-27
1242,4607,399,186,5,2025-09-05
1243,788,749,171,2,2024-01-17
1244,4134,400,89,4,2025-11-05
1245,2338,700,183,5,2025-06-07
1246,3779,758,85,2,2025-12-17
1247,3426,311,136,2,2025-06-16
1248,3801,216,174,1,2024-01-14
1249,2754,189,61,1,2024-07-12
1250,692,883,86,4,2024-05-13
1251,3913,991,144,3,2024-01-06
1252,2695,562,96,5,2024-07-14
1253,1938,327,130,1,2025-09-16
1254,41,233,103,3,2025-11-27
1255,2095,255,1,2,2025-12-24
1256,2849,82,39,4,2024-09-24
1257,784,207,66,4,2025-05-08
1258,4275,574,168,3,2024-09-15
1259,2060,601,123,3,2025-02-25
1260,62,160,193,2,2024-07-01
1261,3307,3,80,2,2025-10-21
1262,588,122,1,3,2024-01-24
1263,2390,511,16,3,2024-11-08
1264,4319,82,133,4,2025-04-22
1265,538,711,16,5,2025-06-17
1266,4491,827,77,3,2025-05-27
1267,101,764,80,5,2024-01-12
1268,2978,221,19,3,2025-08-14
1269,2050,443,160,3,2024-09-25
1270,377,162,57,4,2024-10-20
1271,2047,289,34,2,2024-01-08
1272,4041,605,71,1,2024-05-10
1273,727,600,120,5,2025-08-06
1274,2673,352,194,2,2024-08-17
1275,273,514,67,3,2024-08-14
1276,3355,766,140,4,2024-04-06
1277,2061,272,40,3,2024-06-28
1278,4334,683,35,3,2024-07-16
1279,363,929,69,5,2025-11-06
1280,1439,917,54,5,2024-03-02
1281,3416,282,174,1,2024-09-08
1282,4476,289,41,4,2024-07-01
1283,1391,673,45,3,2025-09-14
1284,2292,79,178,2,2025-07-02
1285,1156,156,69,5,2024-10-30
1286,521,543,103,1,2025-08-08
1287,3712,997,50,4,2025-09-13
1288,384,627,167,4,2024-11-20
1289,3906,659,37,4,2024-08-16
1290,3476,210,99,5,2025-12-04
1291,1872,726,170,3,2024-08-27
1292,2333,549,193,4,2024-11-18
1293,3238,806,2,1,2024-06-29
1294,468,814,38,2,2024-01-13
1295,1495,733,122,4,2024-05-20
1296,1255,815,107,1,2024-11-21
1297,4369,403,113,5,2025-11-26
1298,4258,690,65,5,2025-10-10
1299,2141,959,148,1,2024-12-03
1300,1595,488,43,4,2024-01-06
1301,4078,524,141,2,2024-07-07
1302,2839,182,44,2,2024-10-02
1303,1938,327,109,4,2025-10-29
1304,3586,343,63,1,2024-08-24
1305,4571,681,77,2,2025-10-18
1306,2559,156,120,1,2024-08-30
1307,473,999,84,2,2025-04-20
1308,1534,658,44,5,2024-01-18
1309,1759,413,166,1,2025-02-01
1310,3706,560,82,5,2024-11-12
1311,2427,785,121,1,2025-09-22
1312,1080,96,105,4,2024-10-11
1313,773,634,65,2,2025-08-09
1314,1762,114,37,2,2025-07-27
1315,2573,164,91,3,2024-11-30
1316,625,185,40,3,2024-02-10
1317,1705,223,39,4,2025-10-04
1318,464,296,84,5,2024-07-12
1319,2621,392,41,2,2024-01-08
1320,1476,704,98,1,2025-12-06
1321,217,52,19,5,2024-05-16
1322,1602,71,131,2,2024-11-02
1323,865,457,142,3,2025-11-28
1324,1249,967,78,5,2024-05-04
1325,1752,17,115,2,2024-02-10
1326,4831,879,118,4,2024-04-13
1327,1972,82,121,1,2025-06-08
1328,1975,131,18,3,2024-11-21
1329,343,414,42,4,2024-02-26
1330,2032,287,80,3,2024-05-04
1331,3410,224,151,5,2024-07-11
1332,4761,22,15,4,2024-09-17
1333,3588,251,36,1,2025-01-26
1334,2694,628,169,3,2024-04-10
1335,4510,930,2,3,2024-04-21
1336,640,265,17,1,2025-06-05
1337,1444,711,151,2,2024-07-05
1338,914,417,147,2,2024-10-21
1339,252,696,8,1,2024-08-17
1340,4295,145,89,2,2025-08-13
1341,2499,390,100,3,2024-03-04
1342,2357,981,130,1,2024-01-27
1343,1244,533,103,2,2024-09-07
1344,3041,390,190,2,2024-07-18
1345,1318,558,167,2,2024-05-03
1346,4074,895,37,2,2025-08-05
1347,1110,213,187,5,2025-10-14
1348,1077,391,154,2,2025-07-07
1349,2830,20,17,3,2025-06-03
1350,4011,755,27,1,2024-10-16
1351,1444,711,57,2,2025-05-21
1352,1929,59,173,2,2024-11-20
1353,2924,322,1,1,2024-06-25
1354,517,60,158,2,2024-04-12
1355,701,731,187,3,2025-09-24
1356,2949,732,81,1,2025-02-05
1357,4793,158,19,1,2024-02-23
1358,4061,956,128,1,2025-09-06
1359,768,765,63,5,2024-12-13
1360,3205,25,190,2,2025-11-29
1361,955,566,190,2,2024-04-04
1362,4859,713,143,1,2024-12-02
1363,1318,558,26,5,2025-05-05
1364,3359,922,154,5,2025-10-18
1365,3597,237,126,3,2025-11-09
1366,233,416,165,2,2025-11-08
1367,1144,945,186,5,2024-03-31
1368,3397,193,113,3,2025-10-30
1369,824,176,58,2,2025-10-13
1370,748,398,104,3,2024-05-03
1371,913,276,4,5,2025-10-25
1372,2910,373,83,3,2025-12-05
1373,4850,670,167,1,2025-10-01
1374,3739,584,44,5,2025-04-24
1375,3669,769,15,5,2025-07-04
1376,3056,437,114,1,2025-05-12
1377,3264,104,198,4,2024-09-04
1378,4224,4,86,1,2025-11-11
1379,4122,197,144,1,2025-08-31
1380,3760,987,49,1,2024-04-20
1381,2890,297,57,3,2024-10-09
1382,2188,855,41,2,2024-04-26
1383,4278,837,122,4,2025-12-08
1384,1767,901,178,4,2024-02-23
1385,1215,829,44,1,2025-11-14
1386,3266,919,89,3,2024-04-22
1387,4878,751,148,1,2024-11-04
1388,3051,282,84,5,2025-06-18
1389,964,54,183,2,2024-01-29
1390,4803,969,26,4,2024-09-25
1391,3671,247,142,3,2025-01-24
1392,880,221,115,2,2025-10-25
1393,3757,490,101,1,2025-10-06
1394,3299,433,188,1,2025-09-22
1395,719,153,123,5,2024-07-11
1396,3091,443,140,2,2025-12-23
1397,1044,387,69,4,2024-07-14
1398,4305,188,170,4,2025-01-11
1399,4449,15,35,2,2025-10-25
1400,3600,162,150,5,2024-07-28
1401,2806,576,193,5,2025-04-11
1402,2885,163,85,2,2025-01-17
1403,334,661,44,2,2024-02-22
1404,4615,977,180,3,2025-01-22
1405,4816,99,184,3,2025-02-25
1406,4186,703,75,4,2025-09-25
1407,2716,757,27,1,2025-03-11
1408,113,502,191,4,2024-03-14
1409,2554,315,130,2,2025-04-20
1410,3181,965,87,5,2024-11-14
1411,1052,78,121,3,2025-12-23
1412,3149,316,2,1,2024-04-09
1413,4380,917,124,2,2024-01-23
1414,2204,187,33,3,2025-08-13
1415,2694,628,142,4,2024-05-13
1416,4992,554,140,3,2024-07-25
1417,4188,550,167,2,2025-10-26
1418,4976,492,62,2,2024-11-12
1419,1746,225,57,5,2025-04-10
1420,3878,743,125,1,2025-04-14
1421,4142,965,125,2,2024-01-17
1422,3860,585,179,4,2025-07-23
1423,633,867,15,4,2025-07-15
1424,200,101,59,5,2025-04-28
1425,4068,771,189,5,2025-03-23
1426,2585,478,31,1,2025-08-11
1427,1397,122,122,2,2024-03-03
1428,3116,787,155,2,2025-12-12
1429,4161,551,32,2,2025-07-10
1430,4464,151,113,3,2024-10-22
1431,547,360,24,1,2024-10-01
1432,1068,461,47,1,2024-05-24
1433,4313,561,174,4,2024-04-04
1434,201,211,144,4,2025-02-03
1435,743,292,33,5,2025-11-03
1436,2218,583,106,3,2024-11-23
1437,3625,489,58,1,2024-04-12
1438,4661,491,106,3,2025-03-18
1439,4537,711,74,2,2024-06-18
1440,3153,872,110,3,2025-07-07
1441,2491,450,40,3,2025-06-14
1442,693,392,140,1,2025-09-29
1443,3722,753,21,1,2025-02-21
1444,1345,502,6,1,2024-10-24
1445,2313,953,190,3,2025-10-22
1446,412,876,92,5,2025-07-10
1447,1955,850,39,2,2025-12-24
1448,1664,861,39,4,2025-07-16
1449,134,461,36,1,2024-10-16
1450,3125,259,43,4,2024-02-06
1451,461,863,48,3,2025-11-10
1452,2616,411,140,4,2024-11-04
1453,494,910,192,5,2025-04-17
1454,58,353,17,1,2025-05-10
1455,453,155,171,2,2025-08-18
1456,3760,987,5,1,2024-06-23
1457,4625,305,113,4,2025-07-30
1458,4035,27,192,5,2024-04-07
1459,719,153,82,3,2024-09-06
1460,2240,204,82,2,2024-10-04
1461,3257,443,62,3,2024-08-18
1462,705,991,165,2,2025-07-11
1463,129,424,129,3,2024-08-01
1464,2631,944,69,1,2025-09-18
1465,2205,642,6,2,2025-03-03
1466,676,313,88,5,2025-04-09
1467,335,788,23,5,2025-06-06
1468,1673,430,22,2,2024-08-02
1469,1414,197,105,1,2024-02-21
1470,4777,606,84,2,2024-02-21
1471,4132,490,72,5,2024-12-15
1472,815,986,64,2,2024-02-14
1473,2088,740,192,3,2025-02-13
1474,4975,50,2,3,2024-12-12
1475,1685,565,13,5,2025-06-20
1476,2855,900,156,1,2024-07-12
1477,2403,213,125,3,2024-09-18
1478,3288,130,31,1,2024-12-14
1479,3926,677,57,5,2025-01-01
1480,1241,962,115,4,2024-12-31
1481,3970,152,106,5,2025-01-08
1482,3245,826,10,1,2025-08-20
1483,4548,179,197,4,2024-09-20
1484,4197,613,7,2,2025-09-12
1485,2063,651,178,3,2024-02-05
1486,1100,830,66,3,2024-10-30
1487,575,809,175,3,2025-12-22
1488,2903,934,138,5,2024-05-23
1489,2991,997,11,1,2025-08-30
1490,1553,810,29,3,2024-10-13
1491,2028,785,102,3,2025-01-09
1492,1386,527,63,3,2025-09-09
1493,4858,155,63,1,2024-07-05
1494,3186,547,114,5,2024-08-03
1495,1477,74,45,1,2024-04-10
1496,2932,332,166,4,2025-12-14
1497,2411,797,159,5,2024-10-18
1498,1566,624,31,5,2024-10-27
1499,1615,117,17,3,2024-05-14
1500,2634,42,86,2,2025-06-09
1501,4243,630,94,2,2024-05-24
1502,382,422,16,5,2025-10-12
1503,2693,103,84,5,2024-12-09
1504,4718,304,53,5,2025-04-15
1505,4469,41,57,3,2024-06-08
1506,2508,482,181,4,2025-09-06
1507,293,115,87,4,2024-08-12
1508,834,731,180,1,2024-10-11
1509,3093,383,98,5,2024-11-24
1510,1251,335,175,3,2024-01-24
1511,3614,467,191,5,2024-11-07
1512,2846,764,55,4,2025-06-28
1513,3430,661,75,4,2025-12-28
1514,3604,749,129,3,2024-03-09
1515,629,745,84,4,2024-07-20
1516,4532,132,37,5,2025-07-20
1517,180,347,186,2,2025-06-02
1518,335,788,146,1,2024-01-14
1519,1074,33,90,3,2025-07-31
1520,1752,17,42,2,2024-12-22
1521,4183,548,80,1,2024-06-17
1522,1936,310,32,1,2024-05-03
1523,3468,958,8,5,2025-08-28
1524,3585,214,106,3,2025-01-25
1525,2943,661,159,2,2024-09-07
1526,876,42,146,1,2024-03-26
1527,1000,618,36,4,2025-01-20
1528,1596,559,126,3,2025-01-12
1529,1743,834,33,4,2024-08-16
1530,1050,510,33,4,2024-08-15
1531,1275,990,107,1,2024-02-19
1532,4924,869,81,3,2025-11-26
1533,3095,491,12,2,2024-07-26
1534,2509,215,42,3,2025-08-17
1535,2538,395,116,1,2024-03-21
1536,1062,670,94,3,2025-02-09
1537,4598,73,130,3,2024-01-14
1538,4868,147,24,4,2025-11-13
1539,3983,204,86,3,2024-12-03
1540,1993,760,142,4,2025-08-03
1541,4677,370,190,3,2024-04-03
1542,4471,638,116,3,2025-02-03
1543,1175,452,107,4,2024-08-03
1544,1407,192,106,3,2025-09-25
1545,2395,567,193,2,2025-12-07
1546,1519,137,164,5,2024-07-18
1547,432,628,35,5,2025-01-27
1548,2917,537,60,2,2025-01-12
1549,3043,85,28,4,2025-04-13
1550,3756,241,130,3,2025-12-17
1551,2680,383,106,1,2025-11-03
1552,3424,437,51,4,2024-05-05
1553,2305,695,132,4,2025-01-07
1554,3653,742,168,4,2025-12-04
1555,4072,743,78,4,2024-11-19
1556,1513,563,105,4,2025-02-15
1557,3124,350,98,3,2024-01-14
1558,513,493,178,4,2024-08-05
1559,2549,99,12,2,2025-01-27
1560,2894,627,33,3,2024-12-14
1561,335,788,74,5,2025-02-05
1562,623,205,193,1,2025-04-03
1563,159,777,105,1,2024-03-27
1564,4162,504,118,1,2025-03-08
1565,1068,461,33,5,2025-02-22
1566,186,20,71,4,2025-08-07
1567,2759,420,64,4,2025-09-05
1568,40,445,6,2,2025-09-22
1569,3102,940,147,2,2024-10-14
1570,3041,390,9,5,2025-10-20
1571,3578,138,96,4,2024-06-07
1572,2895,289,165,2,2024-11-14
1573,3201,418,170,3,2024-07-24
1574,64,840,105,4,2025-09-07
1575,4297,879,67,2,2025-05-30
1576,3221,277,131,3,2024-03-26
1577,4743,884,5,3,2025-03-01
1578,1833,474,58,2,2025-12-31
1579,1859,12,32,5,2024-07-30
1580,324,89,15,4,2025-09-04
1581,4281,556,145,3,2025-03-30
1582,1387,500,51,4,2025-10-07
1583,2828,341,136,3,2024-03-11
1584,845,901,53,4,2024-08-08
1585,2087,133,39,2,2025-12-17
1586,214,588,139,2,2025-02-28
1587,2713,50,136,1,2024-04-28
1588,2589,248,118,1,2025-04-26
1589,1527,892,89,5,2025-03-11
1590,1131,197,39,4,2025-01-27
1591,421,247,37,1,2025-01-11
1592,265,74,7,2,2024-10-16
1593,2748,453,101,3,2024-02-07
1594,1600,217,198,2,2024-12-02
1595,2385,538,67,5,2025-12-08
1596,917,782,4,1,2025-03-14
1597,3009,883,55,3,2024-11-12
1598,1857,476,99,5,2025-07-07
1599,993,861,99,1,2025-10-04
1600,4512,963,112,4,2024-04-21
1601,3967,283,77,5,2024-11-15
1602,4635,329,138,4,2024-11-04
1603,3184,184,113,5,2025-05-20
1604,2124,275,94,4,2024-01-07
1605,722,366,145,5,2025-11-15
1606,849,553,140,3,2025-04-07
1607,3537,798,192,4,2024-11-09
1608,1018,204,131,4,2024-01-27
1609,1126,676,135,2,2025-01-19
1610,3542,265,129,2,2025-11-08
1611,385,309,193,2,2024-10-16
1612,3511,884,18,2,2025-07-04
1613,2363,439,104,4,2025-02-18
1614,2883,17,56,2,2024-05-27
1615,998,773,177,4,2024-04-10
1616,4125,189,40,5,2025-10-04
1617,56,590,18,2,2024-03-30
1618,3683,793,155,4,2024-08-17
1619,1030,652,156,4,2025-01-31
1620,1796,933,125,3,2025-03-21
1621,2330,429,47,4,2025-04-13
1622,1297,978,190,2,2025-09-13
1623,3486,908,115,1,2025-01-21
1624,2845,58,176,1,2025-05-15
1625,255,873,45,2,2025-05-24
1626,3275,299,184,4,2024-06-16
1627,4569,158,12,2,2025-02-27
1628,4171,986,57,3,2025-12-30
1629,4584,521,7,4,2025-02-26
1630,3118,371,44,1,2024-09-22
1631,4244,823,20,4,2025-12-16
1632,184,424,179,4,2025-02-25
1633,3677,782,88,3,2025-12-10
1634,2349,67,32,4,2025-10-05
1635,2342,750,27,1,2025-03-02
1636,4690,919,188,3,2024-01-29
1637,3429,927,184,2,2024-06-10
1638,1008,580,13,4,2024-04-22
1639,3645,912,60,2,2024-07-19
1640,4709,11,50,3,2025-08-19
1641,4537,711,31,3,2024-12-13
1642,703,61,169,4,2024-06-27
1643,4587,488,128,3,2025-12-06
1644,3658,919,10,3,2025-08-31
1645,1816,433,54,1,2025-04-11
1646,1234,770,3,4,2024-10-04
1647,4004,475,83,5,2024-07-07
1648,4269,1,27,4,2024-04-08
1649,3353,525,15,3,2025-06-21
1650,268,426,9,1,2024-01-27
1651,1435,634,24,5,2025-09-01
1652,797,520,129,3,2025-10-22
1653,3588,251,106,4,2025-06-09
1654,3033,308,8,1,2025-07-29
1655,4213,125,38,2,2024-07-27
1656,1385,442,131,5,2025-10-15
1657,3851,640,72,1,2025-05-17
1658,4740,355,173,1,2024-08-14
1659,3856,90,81,2,2024-04-28
1660,3314,606,103,3,2025-02-07
1661,1076,936,53,4,2025-05-09
1662,2933,524,141,1,2024-12-14
1663,229,339,198,2,2024-09-11
1664,1873,133,14,1,2025-06-29
1665,3636,587,127,3,2024-03-29
1666,1232,948,110,5,2025-07-02
1667,4446,760,77,2,2025-07-10
1668,3169,934,140,4,2024-02-28
1669,2445,983,158,4,2025-08-05
1670,2021,412,159,4,2025-12-07
1671,1573,993,133,2,2024-11-10
1672,1706,623,126,5,2025-07-14
1673,4008,294,50,5,2025-01-07
1674,2575,987,149,4,2025-08-08
1675,2729,885,16,1,2024-03-06
1676,2187,754,80,1,2024-07-17
1677,4508,58,127,1,2025-07-09
1678,856,596,16,5,2025-03-27
1679,502,474,116,3,2025-06-24
1680,1530,482,180,4,2024-08-06
1681,3721,430,73,5,2025-12-10
1682,4014,69,192,1,2024-09-21
1683,3833,846,180,1,2024-10-30
1684,1971,224,196,3,2024-04-10
1685,3596,294,45,4,2024-03-17
1686,2999,49,86,4,2025-02-19
1687,4306,219,156,1,2024-07-25
1688,3042,89,18,1,2025-02-10
1689,4256,766,186,2,2024-12-01
1690,1748,410,118,3,2025-06-22
1691,2889,69,151,3,2024-07-17
1692,3044,647,126,5,2025-03-05
1693,3366,349,191,1,2025-10-06
1694,567,406,77,1,2024-10-24
1695,199,318,99,5,2024-01-21
1696,1884,716,155,5,2025-07-29
1697,2385,538,199,1,2024-11-18
1698,3873,567,11,4,2024-09-25
1699,3312,627,120,5,2025-06-19
1700,2518,936,129,4,2025-01-03
1701,1524,751,130,5,2025-12-26
1702,1362,59,168,3,2024-02-24
1703,4195,461,14,2,2024-11-03
1704,150,57,191,5,2024-09-06
1705,2820,819,11,5,2025-04-15
1706,71,262,39,1,2024-08-08
1707,1741,687,8,5,2025-09-06
1708,4374,401,155,5,2024-05-25
1709,665,959,134,4,2025-08-04
1710,2233,855,35,2,2024-12-12
1711,684,24,116,3,2024-09-26
1712,3146,253,120,3,2024-12-10
1713,4204,581,66,5,2025-09-24
1714,906,976,196,1,2024-12-16
1715,2143,850,28,4,2024-07-26
1716,3213,53,20,1,2024-05-07
1717,979,783,145,5,2025-09-06
1718,4081,269,44,3,2024-05-15
1719,4995,938,189,4,2024-03-17
1720,3736,403,111,3,2025-12-17
1721,4692,825,116,3,2025-11-26
1722,896,488,9,4,2025-10-17
1723,4604,76,116,5,2024-06-23
1724,4608,348,12,3,2025-01-11
1725,4557,15,113,4,2025-03-10
1726,2037,968,119,2,2025-03-20
1727,2431,484,153,2,2024-02-18
1728,3842,653,102,3,2024-04-23
1729,2474,758,183,2,2025-06-13
1730,2600,111,149,1,2025-02-25
1731,4888,789,2,2,2025-03-24
1732,3955,18,102,5,2025-08-22
1733,917,782,110,4,2024-08-22
1734,3546,68,119,1,2025-04-16
1735,1375,383,133,2,2024-07-20
1736,1383,110,100,2,2025-07-27
1737,3658,919,100,3,2025-02-09
1738,1823,385,171,5,2025-10-06
1739,4126,56,33,2,2025-02-07
1740,1884,716,104,5,2025-10-11
1741,1563,736,89,3,2025-04-03
1742,934,771,42,1,2025-10-09
1743,167,639,79,1,2024-04-27
1744,1,658,21,3,2025-11-23
1745,896,488,1,1,2025-12-23
1746,2637,451,151,2,2024-10-03
1747,4417,527,143,2,2024-05-02
1748,1863,163,144,4,2024-06-06
1749,1769,723,124,5,2024-06-30
1750,2137,630,71,2,2024-11-25
1751,515,838,6,4,2024-07-07
1752,11,237,150,1,2024-09-01
1753,2525,481,89,3,2024-07-18
1754,1993,760,85,2,2025-01-13
1755,3694,579,136,4,2024-03-31
1756,4542,590,183,2,2024-01-17
1757,7,912,96,3,2025-05-14
1758,1197,254,10,3,2025-09-23
1759,3610,19,36,2,2024-03-11
1760,2979,760,84,2,2025-10-17
1761,634,662,91,5,2025-03-11
1762,1990,378,65,1,2025-01-24
1763,3786,176,59,5,2024-07-10
1764,2327,217,191,5,2025-09-18
1765,2089,722,142,4,2024-05-16
1766,2518,936,9,5,2025-04-04
1767,4638,165,109,1,2024-05-25
1768,211,982,77,3,2025-01-13
1769,78,324,44,4,2024-11-13
1770,2683,880,117,3,2024-08-26
1771,3687,918,130,1,2025-11-22
1772,672,747,114,1,2025-04-26
1773,1783,824,121,4,2025-10-16
1774,846,291,145,5,2025-12-19
1775,3777,835,2,1,2025-05-04
1776,812,571,82,1,2024-01-16
1777,383,39,29,5,2025-01-29
1778,873,34,128,1,2025-07-16
1779,952,724,149,5,2025-03-22
1780,4953,223,173,4,2024-11-09
1781,2117,646,153,3,2024-08-21
1782,3741,143,192,3,2025-08-23
1783,3884,869,169,2,2024-10-11
1784,3560,387,145,3,2025-11-01
1785,2711,315,41,4,2024-03-13
1786,869,502,13,4,2025-12-18
1787,2010,932,197,1,2025-01-06
1788,1807,846,13,4,2024-07-30
1789,546,211,82,2,2025-02-02
1790,3556,44,101,1,2025-02-21
1791,4432,250,192,1,2024-01-18
1792,1383,110,107,1,2024-09-05
1793,2890,297,149,2,2024-08-06
1794,4925,7,115,1,2024-07-03
1795,3030,697,164,2,2024-01-23
1796,128,600,134,2,2025-02-12
1797,2857,193,51,4,2024-06-12
1798,2348,730,121,4,2025-05-30
1799,252,696,62,3,2025-03-27
1800,4987,130,94,2,2024-02-10
1801,3278,717,145,5,2024-03-29
1802,4493,293,85,4,2025-08-31
1803,4721,167,98,1,2024-07-21
1804,264,894,4,3,2024-01-30
1805,1808,314,96,2,2024-10-05
1806,3139,237,41,2,2024-02-14
1807,1769,723,64,4,2024-05-29
1808,4432,250,79,5,2025-09-16
1809,2283,839,176,3,2025-06-23
1810,3509,283,5,1,2024-10-08
1811,4979,609,20,2,2024-10-25
1812,2917,537,88,5,2024-12-04
1813,4687,517,30,1,2025-10-05
1814,681,608,139,1,2025-11-06
1815,3539,951,37,4,2025-06-22
1816,4887,854,41,5,2024-08-16
1817,4729,233,102,5,2024-06-12
1818,2375,650,176,1,2024-03-07
1819,3329,219,44,3,2024-09-09
1820,1157,244,51,4,2025-05-22
1821,731,698,190,5,2024-12-20
1822,2026,759,158,5,2025-04-07
1823,3168,262,38,2,2024-07-17
1824,372,608,69,3,2025-01-30
1825,4010,781,106,4,2025-05-09
1826,541,794,118,4,2025-02-12
1827,746,368,57,5,2024-05-11
1828,4974,600,91,5,2024-07-31
1829,1902,70,185,1,2024-01-27
1830,1400,760,52,4,2024-08-01
1831,2783,475,85,4,2024-01-15
1832,3219,199,50,2,2025-06-01
1833,1858,291,24,4,2025-05-20
1834,3354,636,14,3,2025-03-18
1835,4468,871,95,3,2024-08-25
1836,1253,687,76,5,2025-11-10
1837,1804,639,162,3,2024-01-18
1838,2726,412,70,5,2025-06-14
1839,1642,963,63,2,2025-01-15
1840,1053,514,122,4,2024-02-01
1841,710,348,124,3,2024-09-29
1842,4348,403,14,3,2024-12-22
1843,2516,803,91,3,2024-06-16
1844,3928,783,68,5,2024-09-08
1845,3941,553,108,3,2025-10-10
1846,4543,353,71,5,2025-07-06
1847,3214,945,11,4,2025-10-05
1848,1937,670,40,3,2024-06-25
1849,4405,792,55,1,2024-02-18
1850,4284,381,102,5,2024-09-29
1851,2633,85,197,2,2025-07-10
1852,2184,503,46,1,2024-12-22
1853,4277,498,124,3,2025-12-03
1854,1095,620,190,4,2025-08-27
1855,1594,619,134,3,2025-06-07
1856,1567,350,189,5,2025-06-07
1857,1540,974,157,2,2024-01-07
1858,554,220,164,1,2025-06-17
1859,892,646,142,4,2024-02-20
1860,4684,300,13,5,2024-01-30
1861,1790,676,144,4,2025-01-11
1862,4275,574,156,2,2025-08-10
1863,3964,788,53,2,2025-11-06
1864,1748,410,193,5,2025-07-19
1865,2615,885,199,3,2025-01-19
1866,1096,583,109,4,2025-03-09
1867,968,431,34,1,2024-01-30
1868,2443,739,54,3,2024-07-04
1869,3562,835,49,4,2024-02-10
1870,4704,411,197,5,2025-06-11
1871,2660,221,137,2,2025-09-08
1872,1538,727,123,4,2024-12-09
1873,3724,238,175,3,2025-06-22
1874,2067,629,80,5,2024-11-03
1875,1662,797,116,2,2025-11-29
1876,4664,484,106,2,2025-06-10
1877,2372,144,61,1,2025-01-10
1878,1547,372,113,2,2025-02-24
1879,4402,929,167,2,2024-09-14
1880,3688,289,112,4,2025-10-07
1881,4446,760,129,1,2025-12-06
1882,1358,534,118,4,2025-05-22
1883,4120,914,115,5,2024-02-11
1884,3142,325,119,3,2025-03-30
1885,4807,447,109,5,2024-03-04
1886,3340,160,94,3,2025-10-07
1887,2903,934,84,3,2024-09-13
1888,163,112,103,3,2024-05-14
1889,2512,830,143,5,2024-06-24
1890,682,425,67,3,2025-06-11
1891,1457,844,79,2,2024-09-25
1892,2595,498,56,5,2024-04-20
1893,143,784,23,3,2025-07-13
1894,168,509,29,1,2025-07-25
1895,68,265,177,4,2024-09-22
1896,4985,933,104,3,2025-08-08
1897,751,96,102,2,2024-04-09
1898,2357,981,16,5,2025-08-09
1899,2923,569,67,2,2024-04-10
1900,3302,499,110,1,2024-12-20
1901,3503,183,20,5,2025-05-07
1902,933,326,8,4,2025-06-17
1903,4273,848,173,4,2025-09-07
1904,1360,866,21,3,2025-01-24
1905,191,802,14,1,2025-07-16
1906,2263,397,166,3,2024-03-25
1907,4470,609,17,4,2024-11-26
1908,1545,169,173,4,2024-03-05
1909,1242,927,129,3,2024-04-16
1910,4580,235,106,4,2025-07-18
1911,741,246,32,4,2024-11-15
1912,1098,941,22,1,2024-01-31
1913,1875,414,161,3,2025-02-14
1914,2374,299,78,4,2024-07-17
1915,323,654,111,2,2025-02-25
1916,885,517,2,2,2024-10-10
1917,1304,711,160,4,2024-08-11
1918,4509,674,118,1,2024-07-03
1919,3450,505,20,3,2025-11-30
1920,232,619,119,4,2025-07-09
1921,1149,683,127,4,2024-12-11
1922,4876,474,89,2,2024-12-09
1923,2673,352,172,4,2025-07-18
1924,4125,189,99,4,2025-03-05
1925,2394,102,57,4,2025-04-16
1926,467,180,169,2,2025-03-12
1927,182,160,128,1,2024-08-12
1928,1900,339,59,2,2024-04-08
1929,2346,885,90,1,2025-10-15
1930,954,285,97,2,2024-10-10
1931,182,160,62,3,2025-07-29
1932,122,784,3,4,2024-03-25
1933,1495,733,56,3,2024-10-08
1934,735,6,179,4,2025-09-17
1935,4320,579,29,5,2025-06-03
1936,4865,652,152,3,2024-09-28
1937,949,629,13,1,2025-07-11
1938,2558,763,83,3,2024-03-08
1939,3057,858,120,5,2025-08-31
1940,307,544,109,4,2025-06-09
1941,4962,314,91,2,2025-12-08
1942,3331,399,107,2,2025-05-07
1943,4764,896,118,4,2024-05-24
1944,951,38,22,5,2025-08-25
1945,2552,999,99,1,2025-06-07
1946,3391,173,110,2,2024-08-12
1947,2965,608,17,4,2024-04-22
1948,4767,674,146,1,2025-01-17
1949,4620,279,31,5,2025-03-04
1950,415,439,144,1,2024-06-17
1951,3743,548,82,2,2024-08-19
1952,1271,765,187,5,2025-06-05
1953,4433,921,198,1,2024-10-10
1954,2036,776,54,4,2025-12-26
1955,2658,919,71,2,2024-06-04
1956,4527,48,159,4,2024-07-06
1957,904,102,74,2,2024-10-06
1958,3726,327,135,2,2025-12-16
1959,3920,186,164,4,2024-11-19
1960,730,694,92,5,2025-12-31
1961,1594,619,100,1,2024-04-15
1962,1867,577,191,4,2024-05-17
1963,3633,17,116,3,2025-08-10
1964,2784,315,96,4,2025-09-21
1965,4490,746,199,4,2024-03-07
1966,934,771,4,5,2025-01-12
1967,141,457,92,1,2024-05-01
1968,2898,428,151,3,2025-11-16
1969,3410,224,165,4,2025-03-28
1970,256,563,95,4,2024-05-02
1971,310,100,31,4,2024-07-26
1972,3335,954,53,1,2025-12-05
1973,4165,661,187,3,2025-09-22
1974,2801,372,93,2,2025-06-20
1975,3220,104,62,1,2025-08-31
1976,981,387,129,4,2024-05-25
1977,310,100,115,4,2025-06-07
1978,1402,513,9,4,2024-04-23
1979,2700,860,71,1,2025-06-14
1980,4159,79,185,5,2024-03-08
1981,1967,583,102,5,2024-06-17
1982,2838,24,29,5,2024-08-24
1983,3246,23,71,3,2025-12-30
1984,4330,650,60,3,2024-02-07
1985,3684,893,27,2,2025-03-20
1986,2324,24,105,1,2025-11-15
1987,2255,356,160,5,2024-08-18
1988,2656,724,190,3,2025-11-08
1989,2078,704,42,5,2025-07-09
1990,3223,414,179,5,2025-04-20
1991,1655,804,192,3,2025-10-11
1992,215,628,7,2,2025-01-18
1993,4408,475,94,3,2024-03-03
1994,4189,262,158,5,2024-11-18
1995,207,320,117,5,2024-10-24
1996,3036,696,197,2,2024-01-02
1997,4593,94,52,3,2025-09-17
1998,4079,850,8,3,2025-10-05
1999,2164,451,179,3,2025-09-23
2000,4644,254,166,2,2025-05-30
2001,4955,660,10,4,2025-02-01
2002,3865,180,93,4,2025-11-16
2003,4676,625,68,3,2025-03-19
2004,3682,75,137,4,2024-11-19
2005,1635,770,95,2,2025-06-17
2006,460,498,143,4,2025-02-22
2007,966,478,166,5,2025-06-13
2008,3900,404,145,1,2024-11-15
2009,3245,826,91,3,2025-10-22
2010,1517,371,13,2,2025-08-28
2011,3326,922,12,2,2025-11-19
2012,1580,880,181,3,2024-03-30
2013,4208,180,162,2,2024-07-26
2014,2664,7,35,4,2024-07-27
2015,1578,453,166,2,2024-06-26
2016,2136,902,186,4,2025-11-05
2017,2813,970,12,3,2024-02-23
2018,2343,256,20,5,2024-04-08
2019,1986,437,197,5,2025-10-12
2020,4742,913,50,3,2024-11-13
2021,165,620,164,3,2025-07-29
2022,3175,955,118,5,2024-03-02
2023,1468,837,182,2,2024-01-25
2024,4273,848,179,5,2024-10-30
2025,3903,588,140,2,2025-04-23
2026,4886,19,120,2,2024-12-31
2027,234,73,56,5,2025-08-18
2028,3329,219,70,1,2025-08-08
2029,4667,312,154,2,2024-04-05
2030,1173,801,21,3,2025-05-02
2031,1438,729,108,5,2025-03-14
2032,367,109,195,3,2025-12-22
2033,1135,195,47,3,2025-12-29
2034,33,308,160,5,2024-06-16
2035,890,912,185,5,2025-03-19
2036,1016,146,122,1,2024-06-20
2037,984,694,106,1,2024-11-16
2038,3957,656,194,2,2025-11-22
2039,4643,945,42,5,2025-04-03
2040,4033,996,156,1,2024-02-06
2041,1163,821,88,1,2025-08-11
2042,3341,68,102,1,2025-01-20
2043,4526,115,184,2,2024-10-19
2044,1874,595,55,4,2025-01-16
2045,3505,226,155,2,2024-03-08
2046,1552,584,150,2,2024-06-04
2047,2940,406,40,3,2025-02-19
2048,4427,754,88,2,2024-09-15
2049,4781,638,164,3,2024-08-12
2050,1454,244,137,4,2025-02-28
2051,1205,898,102,2,2025-09-16
2052,3046,36,108,2,2024-02-08
2053,1709,822,179,4,2025-03-04
2054,2812,187,109,3,2024-09-23
2055,990,692,131,3,2025-02-28
2056,3085,555,67,4,2025-05-22
2057,1957,976,186,1,2024-07-13
2058,4831,879,96,4,2024-02-19
2059,1746,225,154,4,2024-02-18
2060,2079,520,176,1,2024-02-22
2061,3387,972,114,5,2025-01-18
2062,260,392,142,3,2025-05-10
2063,250,458,122,3,2024-08-27
2064,4175,235,31,5,2025-06-25
2065,1668,950,167,2,2024-12-16
2066,1813,202,22,4,2025-07-22
2067,1846,518,198,3,2025-12-05
2068,3437,259,114,2,2025-04-14
2069,135,725,198,1,2024-04-15
2070,3151,103,113,4,2025-10-24
2071,3569,874,89,1,2025-11-23
2072,4878,751,27,5,2024-12-24
2073,1917,359,65,4,2025-09-24
2074,641,660,69,1,2025-12-05
2075,3783,938,39,1,2025-04-28
2076,4149,714,3,5,2024-03-23
2077,4425,432,36,5,2025-07-27
2078,1210,671,21,4,2024-12-02
2079,925,944,42,5,2024-03-31
2080,681,608,161,3,2025-07-17
2081,2073,116,87,5,2024-05-02
2082,404,625,131,5,2025-10-07
2083,4068,771,90,4,2024-05-22
2084,4241,651,67,2,2025-09-08
2085,1104,246,75,2,2025-04-22
2086,1051,184,62,5,2024-09-30
2087,1716,17,23,1,2025-05-30
2088,4763,701,118,4,2024-03-10
2089,924,996,123,5,2025-01-07
2090,2464,33,9,4,2024-03-21
2091,1848,189,83,3,2025-02-15
2092,4304,680,13,2,2024-04-18
2093,4670,110,189,1,2024-02-20
2094,1608,706,114,1,2024-09-21
2095,434,344,72,4,2025-12-24
2096,1150,624,170,1,2025-08-07
2097,2808,680,52,3,2024-02-15
2098,1969,451,36,4,2025-11-02
2099,2471,477,46,3,2025-03-19
2100,3063,971,177,5,2024-12-13
2101,3497,837,121,5,2024-02-09
2102,345,549,169,1,2024-07-17
2103,4381,251,26,4,2024-01-05
2104,1496,113,187,5,2025-03-02
2105,1886,259,75,1,2024-11-05
2106,396,30,129,4,2024-07-29
2107,1750,592,3,5,2024-03-25
2108,2383,602,58,1,2024-05-25
2109,4062,846,75,4,2025-10-10
2110,1204,601,59,3,2024-06-26
2111,3325,49,65,2,2025-04-27
2112,4831,879,17,5,2024-07-17
2113,201,211,28,4,2025-10-26
2114,4906,647,66,4,2024-05-21
2115,1765,636,151,2,2024-04-23
2116,4675,569,128,3,2025-04-28
2117,3323,235,184,1,2024-04-05
2118,3718,655,101,2,2025-02-07
2119,3891,29,69,1,2025-01-14
2120,4681,304,149,4,2025-12-23
2121,4331,380,133,2,2025-10-01
2122,2859,607,13,2,2025-02-16
2123,530,815,94,4,2025-08-25
2124,2202,857,150,2,2024-08-27
2125,4225,976,154,4,2024-05-17
2126,3297,408,102,1,2024-04-06
2127,1856,401,68,2,2024-10-23
2128,228,402,76,2,2024-04-14
2129,2230,479,127,3,2025-06-05
2130,4280,430,69,4,2025-03-23
2131,3948,454,14,2,2024-02-01
2132,2282,436,156,2,2025-12-22
2133,3710,886,115,5,2025-05-27
2134,2822,259,24,4,2024-05-14
2135,4794,512,110,5,2024-04-22
2136,840,909,106,1,2025-07-18
2137,559,113,135,1,2024-07-25
2138,1546,200,46,1,2025-08-25
2139,2709,806,154,4,2025-12-05
2140,2453,560,100,5,2025-07-10
2141,4810,545,2,3,2024-07-15
2142,590,182,200,3,2025-08-27
2143,875,113,134,1,2024-07-15
2144,78,324,42,3,2025-05-31
2145,293,115,73,2,2025-11-20
2146,411,928,61,4,2024-09-12
2147,1802,9,42,4,2024-10-15
2148,1408,885,21,4,2025-06-21
2149,3912,704,190,5,2025-12-17
2150,4640,874,93,5,2024-05-24
2151,268,426,75,3,2024-12-05
2152,850,793,168,5,2024-05-07
2153,889,348,121,5,2025-06-17
2154,2756,72,172,4,2025-06-30
2155,1786,362,111,1,2024-08-09
2156,911,771,170,2,2025-08-04
2157,4210,118,123,1,2025-05-18
2158,719,153,157,2,2024-07-21
2159,2850,198,95,2,2025-07-20
2160,2747,631,41,5,2024-06-10
2161,2387,351,123,2,2025-09-25
2162,3055,167,199,2,2025-12-21
2163,1987,622,182,4,2024-11-23
2164,176,519,46,3,2024-04-04
2165,1656,858,88,2,2025-06-26
2166,2909,797,30,4,2024-02-20
2167,678,787,57,3,2024-11-22
2168,3507,739,174,3,2024-10-15
2169,1046,770,52,1,2024-12-09
2170,1379,946,97,3,2025-05-12
2171,2512,830,177,3,2024-12-26
2172,1560,392,120,2,2024-07-06
2173,4931,798,76,3,2024-04-25
2174,3538,67,169,2,2025-03-07
2175,354,144,52,5,2024-02-11
2176,42,650,178,4,2024-02-05
2177,487,552,19,2,2025-10-18
2178,1616,740,73,3,2025-08-20
2179,4790,156,127,5,2024-04-30
2180,3208,810,151,3,2025-11-21
2181,2712,556,26,1,2024-01-13
2182,1722,961,19,4,2024-04-10
2183,4497,611,72,4,2025-07-18
2184,3724,238,9,4,2025-06-10
2185,1444,711,25,5,2025-03-06
2186,2362,950,104,4,2024-12-30
2187,4580,235,200,2,2025-12-05
2188,3681,286,185,4,2024-01-11
2189,3012,164,1,1,2024-10-09
2190,4236,562,39,3,2024-11-07
2191,120,252,36,3,2025-05-25
2192,1961,947,126,5,2024-10-15
2193,2018,854,97,2,2025-05-23
2194,256,563,119,3,2024-08-23
2195,337,36,1,4,2024-08-07
2196,858,240,5,4,2024-07-31
2197,4459,735,47,2,2025-02-10
2198,3344,493,32,5,2024-12-19
2199,3549,315,125,2,2025-04-06
2200,1082,28,185,2,2024-09-18
2201,3811,182,160,3,2024-10-07
2202,187,819,122,5,2025-05-02
2203,270,435,58,1,2024-06-16
2204,2519,781,102,2,2025-01-21
2205,686,719,149,5,2024-11-18
2206,1801,812,12,1,2024-10-24
2207,1587,108,20,2,2025-03-02
2208,1178,944,109,5,2024-06-15
2209,406,368,197,1,2024-03-02
2210,1732,130,18,5,2024-04-08
2211,3478,705,101,2,2024-12-20
2212,4568,650,14,5,2025-01-17
2213,2678,97,56,2,2024-11-15
2214,3883,120,142,1,2024-05-17
2215,2852,295,109,5,2025-05-11
2216,4154,239,39,1,2025-06-04
2217,1779,254,19,5,2024-12-29
2218,341,717,195,2,2025-06-03
2219,4204,581,10,5,2025-04-28
2220,845,901,176,1,2025-03-21
2221,555,715,34,3,2024-02-05
2222,2426,689,86,1,2024-07-29
2223,882,46,67,4,2024-10-02
2224,3978,202,46,5,2025-08-11
2225,4360,418,72,4,2025-05-26
2226,1701,322,3,5,2024-05-13
2227,3741,143,164,4,2024-08-15
2228,2527,99,82,4,2025-01-24
2229,569,712,144,5,2024-05-09
2230,2860,656,179,3,2025-02-11
2231,11,237,21,1,2024-01-07
2232,4513,146,124,3,2025-08-08
2233,3756,241,73,5,2025-10-23
2234,3583,513,182,2,2024-04-24
2235,712,120,114,5,2024-01-24
2236,2622,498,1,3,2025-11-14
2237,3631,579,126,3,2025-05-11
2238,3299,433,84,5,2024-10-18
2239,3563,24,96,1,2024-12-01
2240,2697,375,156,1,2025-12-06
2241,1401,111,54,3,2024-04-15
2242,840,909,141,3,2025-08-22
2243,742,214,112,3,2025-09-11
2244,1152,14,41,1,2025-02-22
2245,1861,930,105,1,2024-09-05
2246,2280,125,157,3,2025-03-05
2247,3892,374,83,2,2025-04-17
2248,1974,785,140,1,2025-01-29
2249,717,504,195,1,2024-01-19
2250,356,812,51,3,2024-02-10
2251,1358,534,180,1,2025-09-05
2252,4045,274,138,1,2025-05-12
2253,3041,390,196,1,2025-09-26
2254,1127,455,2,3,2024-09-07
2255,1802,9,138,4,2024-06-01
2256,1142,786,66,5,2024-04-08
2257,2675,512,194,4,2025-05-09
2258,3320,272,193,3,2024-01-07
2259,4011,755,63,5,2025-09-21
2260,1629,610,119,5,2025-06-21
2261,2570,946,68,3,2025-04-29
2262,237,349,193,5,2025-03-28
2263,3209,406,94,3,2025-11-03
2264,629,745,83,2,2024-03-17
2265,3240,686,49,1,2025-01-06
2266,3874,171,28,3,2024-11-26
2267,1534,658,22,1,2025-03-07
2268,1922,387,192,3,2024-08-07
2269,571,204,23,2,2025-12-07
2270,1681,157,103,5,2025-06-25
2271,426,25,45,2,2025-06-16
2272,1161,235,144,5,2024-08-28
2273,1409,841,20,4,2025-04-17
2274,3762,505,167,1,2024-02-11
2275,1826,438,141,5,2025-04-11
2276,3971,111,101,3,2024-04-17
2277,2865,774,43,5,2025-07-15
2278,4870,406,113,4,2025-07-18
2279,32,597,18,2,2025-07-19
2280,4419,565,109,4,2024-12-27
2281,4238,637,134,4,2024-04-08
2282,4403,932,4,5,2025-11-21
2283,3765,591,120,5,2025-07-13
2284,3728,805,196,4,2024-07-10
2285,1941,934,59,2,2024-02-23
2286,1037,661,90,4,2024-12-15
2287,3744,639,43,3,2025-04-29
2288,3436,981,105,5,2025-02-20
2289,3561,884,31,1,2025-01-23
2290,45,157,181,3,2025-07-21
2291,2217,855,174,3,2024-04-12
2292,3811,182,17,2,2024-01-07
2293,2193,601,200,1,2025-09-26
2294,147,82,57,2,2024-06-13
2295,1954,606,123,2,2024-01-23
2296,4418,489,41,4,2024-10-26
2297,1687,410,30,4,2024-07-01
2298,2490,875,184,1,2025-03-06
2299,591,311,9,4,2025-05-14
2300,1108,79,56,2,2025-09-22
2301,4539,388,62,5,2024-09-03
2302,4708,439,180,4,2024-03-27
2303,2680,383,128,5,2025-10-04
2304,4445,30,75,3,2025-12-31
2305,2479,682,1,1,2024-01-30
2306,2140,620,68,2,2025-05-30
2307,1143,105,93,2,2025-09-03
2308,2666,73,46,4,2024-07-25
2309,3803,336,64,5,2025-12-04
2310,3859,496,198,1,2024-06-29
2311,1816,433,168,4,2024-11-15
2312,162,215,108,5,2025-11-01
2313,1657,209,113,2,2025-07-26
2314,3260,406,122,1,2024-08-24
2315,1100,830,179,1,2024-12-20
2316,4435,202,160,1,2025-10-05
2317,1272,328,123,2,2024-06-22
2318,4040,162,41,4,2024-11-18
2319,2335,947,29,5,2024-03-28
2320,3025,938,72,4,2025-04-18
2321,1168,607,71,2,2025-08-18
2322,1313,614,181,2,2024-12-19
2323,3708,684,41,4,2025-06-27
2324,1735,490,162,2,2025-03-10
2325,3286,38,163,2,2025-03-01
2326,2606,39,189,5,2024-04-19
2327,2870,860,142,2,2024-08-15
2328,52,493,188,1,2024-11-29
2329,2237,793,42,2,2024-06-01
2330,264,894,146,3,2024-05-21
2331,2588,750,188,4,2024-02-19
2332,4593,94,38,1,2024-03-11
2333,4253,964,167,1,2025-07-06
2334,2216,647,42,1,2024-07-08
2335,4096,634,12,2,2024-01-17
2336,1520,370,72,4,2024-08-05
2337,3349,351,194,5,2025-06-22
2338,3420,4,122,5,2025-11-04
2339,4216,241,108,1,2024-03-19
2340,3157,859,177,2,2024-06-19
2341,154,166,37,1,2024-05-19
2342,485,598,169,3,2025-10-02
2343,836,895,102,2,2025-11-29
2344,2544,220,22,4,2024-12-24
2345,598,785,195,2,2024-04-07
2346,500,605,19,1,2024-03-20
2347,1348,770,156,1,2025-03-29
2348,4634,141,42,3,2024-12-06
2349,990,692,113,2,2024-02-18
2350,1828,786,101,3,2025-12-21
2351,2325,241,106,1,2024-02-05
2352,1001,9,179,5,2025-08-13
2353,1805,499,108,1,2024-03-09
2354,914,417,152,5,2025-10-05
2355,4723,834,198,4,2024-04-29
2356,1106,715,166,3,2025-05-31
2357,1296,407,154,1,2025-06-06
2358,2514,209,199,3,2025-10-04
2359,839,718,146,1,2024-03-26
2360,3892,374,154,1,2024-11-26
2361,3616,261,139,1,2025-11-11
2362,1854,297,19,3,2024-04-19
2363,3455,1000,43,2,2024-06-14
2364,2043,99,7,3,2024-03-02
2365,3305,428,144,1,2024-04-26
2366,4381,251,198,2,2025-05-30
2367,3329,219,158,4,2024-12-05
2368,3809,154,31,1,2025-06-17
2369,4353,996,31,2,2025-02-08
2370,1451,725,64,4,2024-02-12
2371,20,333,91,2,2025-08-02
2372,2950,42,168,1,2025-08-26
2373,2645,79,150,4,2024-09-09
2374,674,189,165,5,2024-01-09
2375,79,191,11,4,2025-09-23
2376,2831,482,156,5,2024-04-06
2377,4122,197,27,3,2025-09-11
2378,1942,760,39,2,2025-05-19
2379,3078,401,136,1,2025-09-06
2380,1433,935,130,1,2024-02-02
2381,3202,130,90,3,2025-01-13
2382,960,197,188,1,2024-11-06
2383,4220,200,191,1,2024-09-18
2384,367,109,97,4,2025-12-22
2385,2101,838,38,5,2025-05-28
2386,873,34,45,1,2025-05-21
2387,2753,157,157,3,2025-02-23
2388,2764,123,50,1,2024-02-13
2389,3303,144,159,5,2024-12-23
2390,4615,977,3,5,2024-08-20
2391,1367,15,5,3,2025-07-06
2392,2500,103,31,2,2024-12-13
2393,3313,749,113,5,2024-03-07
2394,3390,606,41,2,2025-04-23
2395,499,538,21,3,2024-08-21
2396,4318,369,4,4,2024-07-08
2397,587,976,156,3,2025-04-29
2398,3270,90,114,5,2025-09-24
2399,2089,722,75,1,2024-12-28
2400,500,605,143,2,2024-08-23
2401,513,493,112,2,2025-11-07
2402,2035,437,188,3,2025-05-02
2403,1654,130,59,3,2024-01-14
2404,757,536,77,5,2024-03-12
2405,750,629,90,4,2025-07-17
2406,3285,247,151,2,2024-12-30
2407,3299,433,24,4,2024-07-15
2408,2419,327,194,4,2024-10-03
2409,2714,311,14,1,2025-10-07
2410,2108,591,68,3,2025-06-24
2411,3085,555,93,3,2025-06-02
2412,1871,484,122,5,2024-03-15
2413,3327,890,154,1,2025-07-12
2414,1018,204,148,3,2024-12-24
2415,4298,264,167,4,2025-05-01
2416,4247,130,83,1,2025-04-27
2417,276,595,47,1,2025-03-29
2418,2944,659,160,4,2025-01-04
2419,1688,704,43,4,2025-03-12
2420,257,841,126,4,2024-05-14
2421,746,368,108,4,2024-03-14
2422,2439,438,53,1,2025-12-27
2423,2337,850,150,4,2024-04-15
2424,4653,857,199,1,2024-10-18
2425,3183,69,174,2,2024-02-03
2426,65,824,48,2,2024-01-22
2427,1504,272,109,4,2024-07-30
2428,3088,75,151,3,2024-08-27
2429,2024,111,13,5,2025-02-03
2430,980,128,67,5,2024-05-27
2431,1756,442,145,5,2024-03-08
2432,1373,376,181,3,2025-09-29
2433,112,68,3,4,2025-07-03
2434,3716,512,45,1,2024-01-10
2435,87,919,47,4,2025-10-29
2436,3999,177,138,5,2025-01-28
2437,2843,642,190,1,2025-03-15
2438,805,966,104,5,2024-01-01
2439,4483,798,180,1,2025-06-17
2440,1422,54,187,3,2024-09-08
2441,2762,701,124,3,2025-04-22
2442,1904,513,144,3,2024-11-18
2443,2397,254,188,1,2025-03-25
2444,3098,444,76,3,2025-06-21
2445,1184,748,33,1,2024-09-21
2446,1579,996,136,3,2024-11-09
2447,2163,918,35,2,2025-08-27
2448,4513,146,12,3,2024-10-14
2449,499,538,89,4,2025-09-08
2450,1262,119,47,2,2025-02-13
2451,4060,347,99,4,2024-06-27
2452,284,588,140,4,2024-08-09
2453,1198,862,165,5,2024-12-18
2454,1519,137,167,1,2025-08-22
2455,2360,744,38,5,2024-04-20
2456,495,823,199,2,2025-07-01
2457,1494,944,79,2,2024-07-12
2458,4450,571,103,3,2025-12-18
2459,662,832,145,5,2025-10-22
2460,2067,629,173,3,2024-03-22
2461,93,555,143,3,2024-12-11
2462,3439,543,127,2,2025-08-10
2463,828,420,199,5,2024-06-12
2464,1777,779,69,4,2025-04-17
2465,2147,97,186,4,2025-11-25
2466,1294,608,72,4,2024-04-01
2467,3127,957,134,2,2025-01-13
2468,4046,731,83,5,2025-09-24
2469,1909,837,144,5,2025-10-24
2470,3998,684,6,4,2024-04-30
2471,4358,703,115,4,2024-01-24
2472,2955,289,101,1,2024-03-23
2473,1535,516,173,2,2024-04-16
2474,2836,86,31,1,2024-09-05
2475,615,868,50,4,2025-05-28
2476,3199,363,135,4,2024-03-10
2477,1890,35,104,5,2025-04-27
2478,338,257,149,5,2025-04-17
2479,1954,606,136,5,2025-10-18
2480,4207,46,140,5,2024-06-18
2481,915,649,108,5,2024-09-04
2482,3593,812,45,1,2025-08-11
2483,779,642,181,1,2025-04-06
2484,870,131,86,4,2024-05-24
2485,4403,932,136,3,2025-07-21
2486,4686,680,136,3,2024-02-19
2487,908,60,165,1,2025-09-12
2488,3913,991,163,1,2025-02-28
2489,1666,282,195,2,2025-10-10
2490,3870,220,107,3,2024-01-27
2491,2909,797,160,5,2024-10-05
2492,3541,757,97,4,2025-12-22
2493,4934,549,170,4,2025-11-13
2494,602,354,131,4,2024-01-04
2495,4237,387,160,3,2024-01-02
2496,1789,22,118,4,2025-06-13
2497,4406,549,72,5,2024-01-27
2498,777,193,167,2,2025-01-07
2499,1530,482,104,3,2024-06-09
2500,4834,496,152,5,2025-06-17
2501,169,505,164,5,2025-04-11
2502,405,140,144,2,2025-04-16
2503,1918,871,192,5,2024-09-26
2504,1824,453,75,1,2025-03-28
2505,2351,248,183,1,2024-09-26
2506,3084,177,12,1,2025-08-18
2507,2408,604,181,1,2024-06-26
2508,361,594,49,3,2024-05-03
2509,2420,184,200,4,2025-11-26
2510,1878,779,162,1,2025-05-22
2511,4965,579,79,4,2024-05-19
2512,3587,858,173,2,2025-05-25
2513,2534,533,12,5,2025-10-10
2514,3232,283,192,4,2024-08-22
2515,2040,499,123,1,2025-08-04
2516,1111,75,164,1,2024-12-02
2517,4297,879,24,2,2024-07-18
2518,2107,208,120,1,2024-04-28
2519,2229,103,94,5,2024-06-13
2520,419,517,174,3,2024-05-07
2521,3630,842,162,5,2025-03-13
2522,3381,82,128,3,2025-04-03
2523,2947,397,172,1,2024-09-21
2524,2740,294,75,5,2025-01-16
2525,2946,978,154,3,2024-02-16
2526,4332,955,32,2,2024-07-28
2527,1510,507,17,1,2024-09-11
2528,2632,754,193,4,2024-10-27
2529,2545,451,67,3,2025-05-15
2530,2485,674,92,1,2024-12-18
2531,4324,683,115,4,2025-01-01
2532,3281,485,82,1,2024-08-11
2533,1642,963,49,4,2024-04-11
2534,995,743,200,3,2025-12-25
2535,4352,439,7,1,2024-01-11
2536,3850,147,74,4,2024-09-19
2537,2076,356,174,5,2025-06-11
2538,1643,275,149,2,2025-06-06
2539,4272,974,143,2,2025-03-22
2540,3100,150,199,5,2024-05-28
2541,2096,774,82,1,2024-03-24
2542,373,281,72,2,2024-02-05
2543,2014,648,120,2,2024-04-20
2544,2531,909,33,3,2024-05-26
2545,906,976,131,4,2024-06-26
2546,3705,686,72,1,2025-05-10
2547,3697,994,100,4,2025-12-02
2548,4802,755,157,4,2025-08-09
2549,4420,131,163,3,2025-12-30
2550,3095,491,24,4,2024-11-16
2551,4521,957,161,4,2024-04-16
2552,1336,445,97,5,2025-03-19
2553,1780,18,60,5,2025-04-04
2554,4787,42,111,2,2025-01-11
2555,1284,135,101,1,2024-01-28
2556,3773,287,121,4,2025-09-01
2557,1794,281,12,4,2024-09-07
2558,3567,64,78,4,2024-12-16
2559,3000,377,25,5,2025-04-04
2560,358,58,65,5,2024-09-24
2561,2170,861,8,5,2025-12-14
2562,2612,255,144,2,2025-11-05
2563,2406,75,108,2,2024-05-02
2564,2891,507,146,3,2024-04-20
2565,3881,585,131,1,2024-01-09
2566,3297,408,189,5,2024-03-21
2567,4784,28,168,4,2025-06-08
2568,2580,613,24,2,2024-03-21
2569,1595,488,68,2,2024-12-03
2570,4887,854,10,4,2024-03-13
2571,4811,498,87,5,2024-03-01
2572,1583,699,95,5,2025-12-06
2573,4137,530,30,2,2025-12-10
2574,213,278,178,4,2025-03-11
2575,3717,192,113,1,2025-05-10
2576,4500,945,46,4,2025-01-04
2577,2048,534,23,5,2025-06-03
2578,4684,300,47,1,2025-06-22
2579,535,143,95,5,2024-09-02
2580,3881,585,168,4,2025-01-21
2581,2493,180,35,1,2025-03-07
2582,3900,404,83,1,2025-10-27
2583,59,313,70,4,2024-03-20
2584,2505,282,185,2,2024-12-29
2585,3220,104,146,3,2025-12-06
2586,4429,284,16,1,2025-04-06
2587,3962,109,12,3,2025-07-07
2588,1311,810,110,3,2025-08-10
2589,4239,471,183,2,2025-09-16
2590,3815,370,95,1,2025-11-17
2591,2887,444,130,4,2025-07-02
2592,4686,680,191,2,2025-03-05
2593,580,756,47,3,2024-02-29
2594,4074,895,112,5,2024-07-20
2595,4180,354,149,3,2025-11-08
2596,2678,97,29,3,2024-11-10
2597,543,61,11,2,2024-10-08
2598,2942,782,159,1,2024-07-06
2599,4806,115,122,5,2025-06-18
2600,2920,304,67,3,2025-12-05
2601,1904,513,192,3,2025-08-30
2602,2051,141,36,5,2024-03-27
2603,4576,818,153,1,2025-06-07
2604,3711,885,129,4,2025-04-08
2605,3458,419,37,1,2025-05-15
2606,3005,152,109,3,2025-03-23
2607,3346,398,63,4,2025-11-29
2608,3602,344,117,2,2024-11-16
2609,3875,988,158,4,2025-08-18
2610,1501,154,40,1,2024-07-18
2611,2365,376,56,5,2024-03-11
2612,3809,154,151,5,2025-03-10
2613,3844,133,73,5,2024-07-25
2614,3378,127,82,2,2024-03-03
2615,4971,620,176,1,2025-04-23
2616,1849,628,40,2,2025-07-20
2617,1491,908,196,4,2024-12-02
2618,4918,340,8,3,2024-08-26
2619,1055,74,100,4,2024-01-04
2620,2503,87,182,1,2024-05-05
2621,2964,306,36,2,2025-02-07
2622,725,291,161,5,2025-08-22
2623,2465,504,140,2,2025-06-21
2624,4801,251,115,5,2025-04-15
2625,4280,430,115,2,2024-05-16
2626,3821,306,106,3,2025-08-08
2627,4887,854,162,4,2025-02-21
2628,98,546,138,1,2025-09-17
2629,563,320,97,2,2024-11-13
2630,802,290,63,5,2025-05-21
2631,1818,578,62,4,2025-10-21
2632,3268,137,85,4,2024-02-14
2633,3612,408,182,1,2024-08-15
2634,2968,318,44,1,2024-01-23
2635,3317,811,54,5,2025-06-30
2636,859,804,134,4,2024-05-14
2637,1564,670,129,3,2025-01-07
2638,119,463,149,2,2024-03-22
2639,2606,39,93,1,2024-11-17
2640,3701,558,25,4,2024-04-18
2641,3074,383,28,5,2024-05-22
2642,1503,278,138,4,2024-12-09
2643,289,673,150,2,2024-07-03
2644,591,311,130,4,2024-04-29
2645,3348,813,193,1,2025-02-16
2646,3311,911,171,5,2024-09-23
2647,135,725,181,4,2025-03-09
2648,1203,513,37,4,2024-12-31
2649,549,165,73,4,2025-01-09
2650,3807,437,123,5,2024-09-13
2651,2671,972,168,1,2024-10-17
2652,3078,401,103,2,2025-10-13
2653,1089,887,4,5,2024-03-26
2654,3053,260,97,1,2024-08-08
2655,1433,935,124,4,2024-09-30
2656,740,391,49,5,2025-04-07
2657,2700,860,16,2,2025-03-10
2658,2871,831,128,3,2025-01-06
2659,778,149,185,4,2025-05-22
2660,767,893,17,1,2024-06-12
2661,2402,66,197,1,2025-12-20
2662,3788,801,89,2,2024-11-02
2663,2583,773,56,5,2025-07-19
2664,3035,490,14,4,2025-03-18
2665,2672,391,136,3,2024-03-17
2666,183,550,15,3,2024-12-26
2667,4904,670,62,4,2025-11-16
2668,643,306,178,2,2024-05-04
2669,3481,783,34,2,2024-03-07
2670,2108,591,195,5,2024-03-26
2671,171,477,103,2,2025-08-19
2672,1261,349,165,4,2025-06-22
2673,2676,206,163,2,2025-08-28
2674,2619,104,1,1,2024-06-21
2675,2206,223,106,5,2024-06-12
2676,1924,121,198,5,2025-04-07
2677,669,423,44,4,2025-05-12
2678,2401,94,132,2,2024-07-01
2679,4001,851,135,1,2025-05-22
2680,2768,933,100,1,2025-10-20
2681,3603,262,160,1,2024-08-08
2682,1753,488,178,3,2024-01-29
2683,2279,446,129,2,2024-07-12
2684,4996,809,2,4,2025-02-26
2685,3389,416,61,5,2025-08-27
2686,3081,902,90,3,2025-09-14
2687,1904,513,51,3,2025-09-11
2688,3273,945,190,2,2025-05-21
2689,3991,774,101,5,2024-07-29
2690,379,608,22,4,2025-05-02
2691,2060,601,38,4,2024-10-12
2692,4294,716,177,3,2025-05-17
2693,4082,326,145,2,2024-06-22
2694,2811,838,73,3,2024-12-05
2695,2953,522,61,4,2024-04-27
2696,1077,391,48,5,2024-12-04
2697,4498,381,16,3,2024-10-04
2698,3840,503,43,5,2025-03-21
2699,2036,776,132,5,2024-09-16
2700,3241,382,199,4,2024-06-10
2701,3401,295,179,4,2025-12-04
2702,1649,401,143,4,2024-02-13
2703,3244,734,61,3,2024-03-11
2704,4833,395,125,2,2025-07-10
2705,1335,842,60,1,2025-05-04
2706,830,11,71,4,2024-04-23
2707,4831,879,6,4,2024-04-02
2708,3770,889,72,4,2025-08-22
2709,1731,948,21,5,2024-10-20
2710,584,786,169,3,2024-11-13
2711,1747,889,162,2,2025-10-23
2712,928,523,191,5,2024-07-11
2713,2125,814,173,5,2025-01-22
2714,4973,350,114,2,2024-06-26
2715,1982,615,54,3,2025-05-19
2716,687,440,100,1,2024-01-12
2717,4392,247,149,3,2024-06-20
2718,3031,974,9,5,2025-11-28
2719,4548,179,176,3,2024-11-25
2720,2783,475,84,3,2025-04-25
2721,3008,661,54,1,2024-06-18
2722,3269,941,155,1,2024-02-07
2723,2618,552,20,4,2024-08-25
2724,253,938,104,1,2025-01-27
2725,3127,957,179,5,2024-02-13
2726,1510,507,176,5,2024-02-14
2727,1866,672,1,4,2025-07-28
2728,344,394,2,2,2024-10-03
2729,1570,626,25,2,2024-09-08
2730,749,434,158,5,2025-10-11
2731,92,135,167,5,2025-04-30
2732,2451,604,177,4,2025-02-05
2733,918,312,108,4,2024-11-23
2734,3808,983,18,2,2024-05-10
2735,2237,793,129,5,2025-08-04
2736,3919,392,136,5,2025-07-03
2737,1645,922,180,2,2025-08-14
2738,1233,890,21,1,2025-07-18
2739,731,698,69,4,2025-12-19
2740,2814,348,23,3,2025-09-13
2741,3639,875,108,5,2024-02-22
2742,1080,96,109,3,2025-05-29
2743,304,409,115,5,2024-11-03
2744,1734,126,119,1,2025-08-20
2745,3202,130,117,3,2025-06-09
2746,4884,143,80,2,2024-10-09
2747,560,370,34,4,2024-10-29
2748,445,498,193,1,2024-03-09
2749,3663,677,42,5,2025-06-18
2750,2734,642,68,1,2024-08-25
2751,922,985,144,3,2025-02-14
2752,1949,392,57,4,2024-02-16
2753,938,624,135,1,2025-03-08
2754,3212,210,71,1,2025-03-08
2755,1700,673,122,5,2024-08-07
2756,3946,491,150,5,2024-09-28
2757,3621,852,118,4,2024-09-01
2758,3019,857,17,5,2024-03-15
2759,4020,643,99,1,2025-12-08
2760,69,145,4,4,2024-09-08
2761,1079,584,40,4,2024-01-05
2762,3533,43,199,4,2024-06-21
2763,834,731,100,1,2025-07-29
2764,3529,577,63,3,2024-02-07
2765,2792,657,64,5,2024-05-10
2766,2249,404,182,2,2025-02-06
2767,1210,671,96,1,2025-02-13
2768,208,198,92,2,2024-11-10
2769,1713,660,137,1,2024-12-17
2770,3164,250,110,3,2025-02-03
2771,4275,574,121,3,2025-09-18
2772,2177,539,17,5,2024-11-30
2773,2344,701,70,5,2024-01-21
2774,2990,510,37,1,2025-05-02
2775,1890,35,28,3,2024-06-23
2776,4712,59,184,3,2024-03-03
2777,447,546,70,1,2024-03-14
2778,474,943,191,4,2025-01-09
2779,2733,195,8,3,2024-01-26
2780,2969,882,118,3,2025-08-29
2781,2832,689,199,2,2024-11-29
2782,192,727,3,4,2025-07-15
2783,782,757,25,1,2024-10-22
2784,4003,655,57,1,2024-06-03
2785,2410,927,171,4,2025-05-12
2786,3900,404,181,1,2024-03-18
2787,4378,316,6,3,2024-09-02
2788,4521,957,198,2,2025-06-17
2789,1101,922,23,4,2025-09-03
2790,2632,754,166,2,2025-11-08
2791,2361,849,187,5,2024-09-01
2792,3544,388,165,5,2024-06-21
2793,1268,10,50,5,2024-05-07
2794,2015,16,27,2,2024-09-03
2795,4496,835,75,5,2025-11-19
2796,50,409,129,1,2024-03-23
2797,2072,557,145,5,2025-05-17
2798,1709,822,18,3,2025-10-30
2799,2577,455,58,1,2024-02-26
2800,2596,606,93,4,2024-09-15
2801,4828,798,119,2,2024-05-26
2802,2714,311,63,4,2024-06-17
2803,3799,722,72,5,2025-10-07
2804,773,634,59,3,2024-08-05
2805,1027,67,115,2,2024-08-17
2806,4682,162,34,4,2025-01-28
2807,3948,454,86,1,2025-10-08
2808,2684,636,175,2,2024-11-23
2809,1981,879,33,4,2025-04-30
2810,1348,770,96,2,2025-08-30
2811,4762,629,13,3,2024-10-07
2812,1575,287,7,2,2024-10-19
2813,1047,361,119,4,2024-06-25
2814,675,140,24,2,2024-06-10
2815,3780,851,111,4,2024-10-20
2816,3685,643,20,4,2024-06-01
2817,3155,504,58,5,2024-09-10
2818,1007,615,134,2,2024-08-12
2819,3083,487,8,3,2024-08-29
2820,1156,156,137,2,2025-10-09
2821,2713,50,199,4,2024-02-15
2822,3371,157,66,2,2024-07-03
2823,996,141,19,2,2024-06-02
2824,599,605,117,4,2024-12-04
2825,872,121,48,4,2024-04-12
2826,3576,1000,106,4,2025-10-28
2827,4371,224,73,3,2025-06-24
2828,522,785,29,2,2024-11-08
2829,2429,529,62,3,2025-11-18
2830,2358,733,198,1,2025-04-12
2831,1411,626,192,2,2024-01-26
2832,1489,557,21,5,2025-06-03
2833,3950,130,150,1,2025-06-11
2834,1125,831,113,1,2025-08-11
2835,4089,411,63,2,2024-10-22
2836,33,308,119,2,2024-10-13
2837,2657,67,122,1,2024-06-23
2838,2746,781,85,5,2025-03-23
2839,834,731,43,2,2024-12-30
2840,4647,313,2,5,2025-05-19
2841,4250,851,104,3,2024-06-13
2842,273,514,84,2,2025-06-09
2843,1400,760,90,5,2024-08-21
2844,1075,339,67,2,2024-02-01
2845,518,710,175,5,2024-08-13
2846,3522,782,168,5,2025-05-16
2847,1834,87,145,3,2025-09-24
2848,4200,607,184,5,2024-02-06
2849,1517,371,3,1,2025-09-12
2850,419,517,30,2,2025-09-17
2851,2179,515,125,2,2025-02-21
2852,2835,566,50,4,2025-03-25
2853,794,638,30,5,2025-01-11
2854,1772,929,65,1,2024-10-09
2855,2603,926,175,3,2024-12-17
2856,3055,167,164,3,2025-08-31
2857,4666,310,141,3,2024-10-17
